Workbook
Name WpnRow: 'Stat Calc'!#REF!

Sheet Stat Calc
D1: Formeln
B2: Starting Class | D2: Max HP | E2: 100 + (6*VIT)+(2,5*STR)+(2,3*DEX)+(2,2*INT)+(2,2*Faith)
B3: Warrior | D3: Max MP | E3: 100 + (6*INT)+(2,5*Faith)+(2,3*VIT)+(2,2*DEX)+(2,2*STR)
B4: Starting Stats: (10 Start Points) | D4: Physical Damage
B5: Vitality | C5: 3 | D5: Magical Damage
B6: Strength | C6: 3 | D6: Critical Chance
B7: Dexterity | C7: 2 | D7: Hit Chance
B8: Faith | C8: 1
B9: Intelligence | C9: 1

Sheet Melee Weapons
A1: Daggers
A2: Weapon Name | B2: Requirements | C2: Scaling | D2: Optimal Stats | E2: 1h/2h | F2: AR at minimum | G2: AR at optimal | H2: AR at max | I2: Weight | J2: spEffects | K2: Notes | L2: Speed
A3: Dagger +15 | B3: 5/8/-/- | C3: E/A/-/- | D3: 40 dex | E3: 1h | F3: 148 | G3: 262 | H3: 283 | I3: 0.5 | K3: Crit 131 | L3: Fast
A4: Crysal Dagger +5 | F4: 160 | G4: 283 | H4: 305
A5: Parrying Dagger +15 | B5: 5/14/-/- | C5: E/A/-/- | D5: 40 dex | E5: 1h | F5: 162 | G5: 252 | H5: 273 | I5: 0.5 | K5: Crit 131 | L5: Fast
A6: Crystal Parrying Dagger +5 | F6: 175 | G6: 273 | H6: 294
A7: Bandit's Knife +15 | B7: 6/12/-/- | C7: E/A/-/- | D7: 40 dex | E7: 1h | F7: 158 | G7: 262 | H7: 283 | I7: 1 | J7: 6400 | K7: Crit 147; Bleed 300 | L7: Slow
A8: Crystal Knife +5 | F8: 170 | G8: 283 | H8: 305
A9: Ghost Blade +5 | B9: 5/-/-/- | C9: E/-/-/- | D9: 40 str | E9: 1h | F9: 165 | G9: 181 | H9: 183 | I9: 0.5 | K9: Cirt 127; Hits ghosts | L9: Fast
A10: Dark Silver Tracer +5 | B10: 6/25/-/- | C10: E/S/-/- | D10: 40 dex | E10: 1h | F10: 196 | G10: 251 | H10: 263 | I10: 1 | K10: Crit 160; R2s cause Toxic | L10: Slow
A11: Priscilla's Dagger +5 | B11: 6/20/-/- | C11: -/S/-/- | D11: 40 dex | E11: 1h | F11: 190 | G11: 269 | H11: 271 | I11: 1 | J11: 6410 | K11: Bleed 500; Occult 110 | L11: Slow
A12: Straight Swords
A13: Weapon Name | B13: Requirements | C13: Scaling | D13: Optimal Stats | E13: 1h/2h | F13: AR at minimum | G13: AR at optimal | H13: AR at max | I13: Weight | J13: spEffects | K13: Notes | L13: Speed
A14: Shortsword +15 | B14: 8/10/-/- | C14: C/C/-/- | D14: 40/40 | E14: 1h | F14: 210 | G14: 397 | H14: 407 | I14: 2 | L14: Fast
A15: Crystal Shortsword +5 | F15: 227 | G15: 429 | H15: 439
A16: Longsword +15 | B16: 10/10/-/- | C16: C/C/-/- | D16: 40/40 | E16: 1h | F16: 216 | G16: 408 | H16: 417 | I16: 3 | L16: Fast
A17: Crystal Longsword +5 | F17: 233 | G17: 440 | H17: 451
A18: Broadsword +15 | B18: 10/10/-/- | C18: C/C/-/- | D18: 40/40 | E18: 1h | F18: 221 | G18: 418 | H18: 428 | I18: 3 | L18: Fast
A19: Crystal Broadsword +5 | F19: 239 | G19: 451 | H19: 462
A20: Balder Side Sword +15 | B20: 10/14/-/- | C20: E/A/-/- | D20: 40 dex | E20: 1h | F20: 240 | G20: 374 | H20: 404 | I20: 3 | L20: Fast
A21: Crystal Balder Side Sword +5 | F21: 259 | G21: 404 | H21: 436
A22: Sunlight Straight Sword +15 | B22: 12/12/-/- | C22: C/C/-/- | D22: 40/40 | E22: 1h | F22: 235 | G22: 418 | H22: 428 | I22: 4 | L22: Slow
A23: Crys. Sunlight Str. Sword +5 | F23: 253 | G23: 451 | H23: 462
A24: Darksword +15 | B24: 16/16/-/- | C24: C/C/-/- | D24: 40/40 | E24: 1h | F24: 270 | G24: 418 | H24: 428 | I24: 6 | L24: Slow
A25: Crystal Darksword +5 | F25: 291 | G25: 451 | H25: 462
A26: Barbed Straight Sword +15 | B26: 10/10/-/- | C26: D/C/-/- | D26: 40/40 | E26: 1h | F26: 214 | G26: 379 | H26: 387 | I26: 3 | J26: 6401 | K26: Bleed 300 | L26: Fast
A27: Crys. Barbed Str. Sword +5 | F27: 231 | G27: 409 | H27: 418
A28: Crystal Straight Sword | B28: 16/10/-/- | C28: C/C/-/- | D28: 40/40 | E28: 1h | F28: 176 | G28: 290 | H28: 296 | I28: 6 | L28: Slow
A29: Silv. Knight Str. Sword +5 | B29: 16/22/-/- | C29: E/C/-/- | D29: 40 dex | E29: 1h | F29: 328 | G29: 383 | H29: 399 | I29: 6 | L29: Slow
A30: Astora's Straight Sword +5 | B30: 10/10/-/14 | C30: C/C/-/C | D30: 40/40/-/40 | E30: 1h | F30: 270 (139+131) | G30: 396 (224+172) | H30: 402 (229+173) | I30: 3 | K30: Holy 120 | L30: Fast
A31: Drake Sword +5 | B31: 16/10/-/- | C31: -/-/-/- | D31: 16/10/-/- | E31: 1h | F31: 300 | I31: 6 | J31: 6810 | L31: Slow
A32: Broken Straight Sword +15 | B32: 8/8/-/- | C32: D/C/-/- | D32: 40/40 | E32: 1h | F32: 107 | G32: 189 | H32: 193 | I32: 2 | L32: Fast
A33: Crys. Broken Str. Sword +5 | F33: 116 | G33: 204 | H33: 209
A34: Straight Sword Hilt +15 | B34: 6/6/-/- | C34: E/E/-/- | D34: 40/40 | E34: 1h | F34: 50 | G34: 57 | H34: 58 | I34: 1 | L34: Fast
A35: Crystal Str. Sword Hilt +5 | F35: 54 | G35: 62 | H35: 62
A36: Greatswords
A37: Weapon Name | B37: Requirements | C37: Scaling | D37: Optimal Stats | E37: 1h/2h | F37: AR at minimum | G37: AR at optimal | H37: AR at max | I37: Weight | J37: spEffects | K37: Notes | L37: Speed
A38: Basard Sword +15 | B38: 16/10/-/- | C38: C/C/-/- | D38: 27/40 | E38: 2h | F38: 349 | G38: 535 | H38: 561 | I38: 6 | L38: Fast
A39: Bastard Sword +5 | F39: 377 | G39: 578 | H39: 606
A40: Claymore +15 | B40: 16/10/-/- | C40: C/C/-/- | D40: 27/40 | E40: 2h | F40: 342 | G40: 525 | H40: 551 | I40: 6 | L40: Fast
A41: Crystal Claymore +5 | F41: 370 | G41: 567 | H41: 595
A42: Man-Serpent Greatsword +15 | B42: 24/-/-/- | C42: A/-/-/- | D42: 27 str | E42: 2h | F42: 495 | G42: 521 | H42: 565 | I42: 10 | L42: Slow
A43: Crys. Man-Srp. Greatsword +5 | F43: 535 | G43: 563 | H43: 610
A44: Flamberge +15 | B44: 16/14/-/- | C44: D/B/-/- | D44: 27/40 | E44: 2h | F44: 322 | G44: 484 | H44: 497 | I44: 6 | J44: 6402 | K44: Bleed 300 | L44: Fast
A45: Crystal Flamberge +5 | F45: 348 | G45: 523 | H45: 536
A46: Crystal Greatsword | B46: 20/10/-/- | C46: C/C/-/- | D46: 27/40 | E46: 2h | F46: 263 | G46: 367 | H46: 385 | I46: 8 | L46: Slow
A47: Black Knight Sword +5 | B47: 20/18/-/- | C47: C/E/-/- | D47: 27/18 | E47: 2h | F47: 457 | G47: 500 | H47: 541 | I47: 8 | L47: Slow
A48: Stone Greatsword +5 | B48: 40/10/-/- | C48: C/C/E/- | D48: 27/40 | E48: 2h | F48: 498 (348+150) | G48: 589 (439+150) | H48: 630 (461+169) | I48: 18 | K48: Mainly useful for casting TWoP, 27str 2h req | L48: Slow
A49: Greatsword of Artorias +5 | B49: 24/18/18/18* | C49: C/C/C/C* | D49: 27/40 | E49: 2h | F49: 441 | G49: 539 | H49: 565 | I49: 10 | K49: Hits ghosts; Int/Fai not required for damage | L49: Slow
A50: Greatsword of Artorias +5 | B50: 24/18/20/20 | C50: C/C/B/B | D50: 27/40/40/40 | E50: 2h | F50: 502 (288+213) | G50: 660 (348+311) | H50: 681 (365+316) | I50: 10 | K50: Holy 140; Needs massive stat investment for damage | L50: Slow
A51: Abyss Greatsword +5 | B51: 22/18/18/18* | C51: C/C/-/- +Hum | D51: 27/40 +10 Hum | E51: 2h | F51: 374 | G51: 561 | H51: 587 | I51: 9 | K51: Int/Fai not required for damage | L51: Slow
A52: Great Lord Greatsword +5 | B52: 20/10/-/- | C52: D/D/-/- | D52: 27/40 | E52: 2h | F52: 443 | G52: 537 | H52: 551 | I52: 8 | L52: Fast
A53: Moonlight Greatsword +5 | B53: 16/10/28/- | C53: -/-/S/- | D53: 40 Int | E53: 2h | F53: 385 | G53: 472 | H53: 480 | I53: 6 | J53: 6820 | L53: Fast
A54: Obsidian Greatsword +5 | B54: 20/16/-/- | C54: -/-/-/- | D54: 20/16/-/- | E54: 2h | F54: 480 | I54: 8 | L54: Slow
A55: Ultra Greatswords
A56: Weapon Name | B56: Requirements | C56: Scaling | D56: Optimal Stats | E56: 1h/2h | F56: AR at minimum | G56: AR at optimal | H56: AR at max | I56: Weight | J56: spEffects | K56: Notes | L56: Speed
A57: Greatsword +15 | B57: 28/10/-/- | C57: C/D/-/- | D57: 28/40 | E57: 2h | F57: 465 | G57: 546 | H57: 646 | I57: 12 | L57: Fast
A58: Crystal Greatsword +5 | F58: 503 | G58: 590 | H58: 698
A59: Zweihander +15 | B59: 24/10/-/- | C59: C/D/-/- | D59: 27/40 | E59: 2h | F59: 444 | G59: 546 | H59: 646 | I59: 10 | L59: Fast
A60: Crystal Zweihander +5 | F60: 480 | G60: 590 | H60: 698
A61: Demon Great Machete +15 | B61: 40/-/-/- | C61: A/-/-/- | D61: 40 str | E61: 2h | F61: 637 | H61: 691 | I61: 18 | L61: Slow
A62: Crys. Demon Great Machete +5 | F62: 688 | H62: 746
A63: Black Knight Greatsword +5 | B63: 32/18/-/- | C63: B/E/-/- | D63: 32/18/-/- | E63: 2h | F63: 534 | H63: 641 | I63: 14 | L63: Slow
A64: Dragon Greatsword +5 | B64: 50/10/-/- | C64: -/-/-/- | D64: 50/10/-/- | E64: 2h | F64: 585 | I64: 24 | J64: 6830 | L64: Slow
A65: Curved Swords
A66: Weapon Name | B66: Requirements | C66: Scaling | D66: Optimal Stats | E66: 1h/2h | F66: AR at minimum | G66: AR at optimal | H66: AR at max | I66: Weight | J66: spEffects | K66: Notes | L66: Speed
A67: Scimitar +15 | B67: 7/13/-/- | C67: E/A/-/- | D67: 40 dex | E67: 2h | F67: 236 | G67: 378 | H67: 407 | I67: 1.5 | L67: Fast
A68: Crystal Scimitar +5 | F68: 255 | G68: 408 | H68: 439
A69: Falchion +15 | B69: 9/13/-/- | C69: E/A/-/- | D69: 40 dex | E69: 2h | F69: 242 | G69: 387 | H69: 417 | I69: 2.5 | L69: Fast
A70: Crystal Falchion +5 | F70: 261 | G70: 418 | H70: 450
A71: Shotel +15 | B71: 9/14/-/- | C71: E/B/-/- | D71: 40 dex | E71: 2h | F71: 244 | G71: 361 | H71: 394 | I71: 2.5 | K71: R2s pierce shields | L71: Fast
A72: Crystal Shotel +5 | F72: 263 | G72: 390 | H72: 426
A73: Painting Guardian Sword +15 | B73: 7/20/-/- | C73: E/A/-/- | D73: 40 dex | E73: 2h | F73: 292 | G73: 404 | H73: 424 | I73: 1.5 | J73: 6400 | K73: Bleed 300 | L73: Fast
A74: Crys. Ptg. Guardian Sword +5 | F74: 315 | G74: 436 | H74: 458
A75: Jagged Ghost Blade +5 | B75: 7/-/-/- | C75: E/-/-/- | D75: 40 str | E75: 2h | F75: 237 | G75: 259 | H75: 262 | I75: 1.5 | J75: 6400 | K75: Bleed 300 | L75: Fast
A76: Gold Tracer +5 | B76: 9/25/-/- | C76: E/A/-/- | D76: 40 dex | E76: 2h | F76: 303 | G76: 373 | H76: 392 | I76: 2 | J76: 6610 | K76: Bleed 300 | L76: Fast
A77: Quelaag's Furysword +5 | B77: 11/13/-/- | C77: E/B/-/- +Hum | D77: 11/13 +10 Hum | E77: 2h | F77: 359 (104+255) | G77: 435 (127+308) | H77: 514 (206+308) | I77: 3.5 | L77: Slow
A78: Curved Greatswords
A79: Weapon Name | B79: Requirements | C79: Scaling | D79: Optimal Stats | E79: 1h/2h | F79: AR at minimum | G79: AR at optimal | H79: AR at max | I79: Weight | J79: spEffects | K79: Notes | L79: Speed
A80: Murakumo +15 | B80: 28/13/-/- | C80: E/A/-/- | D80: 28/40 | E80: 2h | F80: 364 | G80: 565 | H80: 575 | I80: 12 | L80: Fast
A81: Crystal Murakumo +5 | F81: 394 | G81: 610 | H81: 621
A82: Server +15 | B82: 24/13/-/- | C82: E/B/-/- | D82: 24/40 | E82: 2h | F82: 339 | G82: 500 | H82: 515 | I82: 10 | J82: 6720 | L82: Fast
A83: Crystal Server +5 | F83: 367 | G83: 540 | H83: 556
A84: Gravelord Sword +5 | B84: 24/13/-/- | C84: E/E/-/- | D84: 24/13 | E84: 2h | F84: 444 | H84: 493 | I84: 10 | J84: 6600 | K84: Toxic 300 | L84: Fast
A85: Katanas
A86: Weapon Name | B86: Requirements | C86: Scaling | D86: Optimal Stats | E86: 1h/2h | F86: AR at minimum | G86: AR at optimal | H86: AR at max | I86: Weight | J86: spEffects | K86: Notes | L86: Speed
A87: Uchigatana +15 | B87: 14/14/-/- | C87: -/A/-/- | D87: 14/40 | E87: 2h | F87: 268 | G87: 420 | H87: 422 | I87: 5 | J87: 6401 | K87: Bleed 300 | L87: Fast
A88: Crystal Uchigatana +5 | F88: 290 | G88: 453 | H88: 456
A89: Iaito +15 | B89: 14/20/-/- | C89: -/A/-/- | D89: 14/40 | E89: 2h | F89: 309 | G89: 410 | H89: 413 | I89: 5 | J89: 6401 | K89: Bleed 300 | L89: Fast
A90: Crystal Iaito +15 | F90: 334 | G90: 443 | H90: 446
A91: Washing Pole +15 | B91: 20/16/-/- | C91: D/C/-/- | D91: 27/40 | E91: 2h | F91: 324 | G91: 426 | H91: 444 | I91: 8 | J91: 6400 | K91: Bleed 300 | L91: Slow
A92: Crystal Washing Pole +5 | F92: 350 | G92: 461 | H92: 479
A93: Chaos Blade +5 | B93: 16/14/-/- | C93: -/B/-/- +Hum | D93: 16/40 +10 Hum | E93: 2h | F93: 250 | G93: 450 | H93: 453 | I93: 6 | J93: 6402; 6970 | K93: Bleed 300 | L93: Fast
A94: Thrusting Swords
A95: Weapon Name | B95: Requirements | C95: Scaling | D95: Optimal Stats | E95: 1h/2h | F95: AR at minimum | G95: AR at optimal | H95: AR at max | I95: Weight | J95: spEffects | K95: Notes | L95: Speed
A96: Mail Breaker +15 | B96: 5/12/-/- | C96: D/B/-/- | D96: 40 dex | E96: 1h | F96: 158 | G96: 245 | H96: 280 | I96: 0.5 | K96: Crit 120 | L96: Fast
A97: Crystal Mail Breaker +5 | F97: 171 | G97: 265 | H97: 302
A98: Rapier +15 | B98: 7/12/-/- | C98: D/B/-/- | D98: 40 dex | E98: 1h | F98: 203 | G98: 314 | H98: 358 | I98: 1.5 | K98: Crit 110 | L98: Fast
A99: Crystal Rapier +5 | F99: 219 | G99: 340 | H99: 387
A100: Estoc +15 | B100: 10/12/-/- | C100: D/B/-/- | D100: 40 dex | E100: 1h | F100: 208 | G100: 323 | H100: 368 | I100: 3 | L100: Slow
...

Sheet Helms
A1: ID | B1: Name | C1: Poise | D1: physDef | E1: magDef | F1: fireDef | G1: litngDef | H1: slashDef | I1: blowDef | J1: thrustDef | K1: poisonRes | L1: toxicRes | M1: bleedRes | N1: curseRes | O1: Weight | P1: Durability | Q1: RegPenalty | S1: Poise/Weight | T1: physDef/Weight | U1: magDef/Weight | V1: fireDef/Weight | W1: lingDef/Weight | X1: slash/Weight | Y1: blow/Weight | Z1: thrust/Weight | AA1: poison/Weight | AB1: bleed/Weight
A2: =UpgradedProtectorStats!A2+5 -> 10010 | B2: Catarina Helm +5 | C2: =UpgradedProtectorStats!C2 -> 8 | D2: =UpgradedProtectorStats!D2 -> 34.1 | E2: =UpgradedProtectorStats!E2 -> 18.6 | F2: =UpgradedProtectorStats!F2 -> 20.15 | G2: =UpgradedProtectorStats!G2 -> 10.85 | H2: =UpgradedProtectorStats!D2*(1+(UpgradedProtectorStats!H2/100)) -> 39.215 | I2: =UpgradedProtectorStats!D2*(1+(UpgradedProtectorStats!I2/100)) -> 33.759 | J2: =UpgradedProtectorStats!D2*(1+(UpgradedProtectorStats!J2/100)) -> 34.1 | K2: =UpgradedProtectorStats!K2 -> 11.43 | L2: =UpgradedProtectorStats!L2 -> 11.43 | M2: =UpgradedProtectorStats!M2 -> 16.51 | N2: =UpgradedProtectorStats!N2 -> 0 | O2: =UpgradedProtectorStats!O2 -> 4.5 | P2: =UpgradedProtectorStats!P2 -> 400 | Q2: =UpgradedProtectorStats!Q2 -> -1 | S2: =C2/O2 -> 1.7777778 | T2: =D2/O2 -> 7.5777778 | U2: =E2/O2 -> 4.1333333 | V2: =F2/O2 -> 4.4777778 | W2: =G2/O2 -> 2.4111111 | X2: =H2/O2 -> 8.7144444 | Y2: =I2/O2 -> 7.502 | Z2: =J2/O2 -> 7.5777778 | AA2: =K2/O2 -> 2.54 | AB2: =M2/O2 -> 3.6688889
A3: =UpgradedProtectorStats!A6+5 -> 20010 | B3: Paladin Helm +5 | C3: =UpgradedProtectorStats!C6 -> 8 | D3: =UpgradedProtectorStats!D6 -> 34.1 | E3: =UpgradedProtectorStats!E6 -> 18.6 | F3: =UpgradedProtectorStats!F6 -> 20.15 | G3: =UpgradedProtectorStats!G6 -> 10.85 | H3: =UpgradedProtectorStats!D6*(1+(UpgradedProtectorStats!H6/100)) -> 39.215 | I3: =UpgradedProtectorStats!D6*(1+(UpgradedProtectorStats!I6/100)) -> 32.395 | J3: =UpgradedProtectorStats!D6*(1+(UpgradedProtectorStats!J6/100)) -> 34.1 | K3: =UpgradedProtectorStats!K6 -> 11.43 | L3: =UpgradedProtectorStats!L6 -> 11.43 | M3: =UpgradedProtectorStats!M6 -> 16.51 | N3: =UpgradedProtectorStats!N6 -> 27.94 | O3: =UpgradedProtectorStats!O6 -> 5 | P3: =UpgradedProtectorStats!P6 -> 500 | Q3: =UpgradedProtectorStats!Q6 -> -1 | S3: =C3/O3 -> 1.6 | T3: =D3/O3 -> 6.82 | U3: =E3/O3 -> 3.72 | V3: =F3/O3 -> 4.03 | W3: =G3/O3 -> 2.17 | X3: =H3/O3 -> 7.843 | Y3: =I3/O3 -> 6.479 | Z3: =J3/O3 -> 6.82 | AA3: =K3/O3 -> 2.286 | AB3: =M3/O3 -> 3.302
A4: =UpgradedProtectorStats!A10+5 -> 40010 | B4: Dark Mask +5 | C4: =UpgradedProtectorStats!C10 -> 6 | D4: =UpgradedProtectorStats!D10 -> 27.9 | E4: =UpgradedProtectorStats!E10 -> 18.6 | F4: =UpgradedProtectorStats!F10 -> 18.6 | G4: =UpgradedProtectorStats!G10 -> 15.5 | H4: =UpgradedProtectorStats!D10*(1+(UpgradedProtectorStats!H10/100)) -> 30.69 | I4: =UpgradedProtectorStats!D10*(1+(UpgradedProtectorStats!I10/100)) -> 27.9 | J4: =UpgradedProtectorStats!D10*(1+(UpgradedProtectorStats!J10/100)) -> 26.226 | K4: =UpgradedProtectorStats!K10 -> 10.16 | L4: =UpgradedProtectorStats!L10 -> 10.16 | M4: =UpgradedProtectorStats!M10 -> 15.24 | N4: =UpgradedProtectorStats!N10 -> 0 | O4: =UpgradedProtectorStats!O10 -> 3.8 | P4: =UpgradedProtectorStats!P10 -> 300 | Q4: =UpgradedProtectorStats!Q10 -> 0 | S4: =C4/O4 -> 1.5789474 | T4: =D4/O4 -> 7.3421053 | U4: =E4/O4 -> 4.8947368 | V4: =F4/O4 -> 4.8947368 | W4: =G4/O4 -> 4.0789474 | X4: =H4/O4 -> 8.0763158 | Y4: =I4/O4 -> 7.3421053 | Z4: =J4/O4 -> 6.9015789 | AA4: =K4/O4 -> 2.6736842 | AB4: =M4/O4 -> 4.0105263
A5: =UpgradedProtectorStats!A14+10 -> 50020 | B5: Brigand Hood +10 | C5: =UpgradedProtectorStats!C14 -> 0 | D5: =UpgradedProtectorStats!D14 -> 21.78 | E5: =UpgradedProtectorStats!E14 -> 19.36 | F5: =UpgradedProtectorStats!F14 -> 12.1 | G5: =UpgradedProtectorStats!G14 -> 14.52 | H5: =UpgradedProtectorStats!D14*(1+(UpgradedProtectorStats!H14/100)) -> 21.78 | I5: =UpgradedProtectorStats!D14*(1+(UpgradedProtectorStats!I14/100)) -> 23.958 | J5: =UpgradedProtectorStats!D14*(1+(UpgradedProtectorStats!J14/100)) -> 19.602 | K5: =UpgradedProtectorStats!K14 -> 11.2 | L5: =UpgradedProtectorStats!L14 -> 11.2 | M5: =UpgradedProtectorStats!M14 -> 11.2 | N5: =UpgradedProtectorStats!N14 -> 0 | O5: =UpgradedProtectorStats!O14 -> 1.2 | P5: =UpgradedProtectorStats!P14 -> 200 | Q5: =UpgradedProtectorStats!Q14 -> 0 | S5: =C5/O5 -> 0 | T5: =D5/O5 -> 18.15 | U5: =E5/O5 -> 16.133333 | V5: =F5/O5 -> 10.083333 | W5: =G5/O5 -> 12.1 | X5: =H5/O5 -> 18.15 | Y5: =I5/O5 -> 19.965 | Z5: =J5/O5 -> 16.335 | AA5: =K5/O5 -> 9.3333333 | AB5: =M5/O5 -> 9.3333333
A6: =UpgradedProtectorStats!A18+5 -> 60010 | B6: Shadow Mask +5 | C6: =UpgradedProtectorStats!C18 -> 0 | D6: =UpgradedProtectorStats!D18 -> 21.78 | E6: =UpgradedProtectorStats!E18 -> 12.1 | F6: =UpgradedProtectorStats!F18 -> 14.52 | G6: =UpgradedProtectorStats!G18 -> 14.52 | H6: =UpgradedProtectorStats!D18*(1+(UpgradedProtectorStats!H18/100)) -> 21.78 | I6: =UpgradedProtectorStats!D18*(1+(UpgradedProtectorStats!I18/100)) -> 23.958 | J6: =UpgradedProtectorStats!D18*(1+(UpgradedProtectorStats!J18/100)) -> 21.78 | K6: =UpgradedProtectorStats!K18 -> 25.2 | L6: =UpgradedProtectorStats!L18 -> 25.2 | M6: =UpgradedProtectorStats!M18 -> 21 | N6: =UpgradedProtectorStats!N18 -> 0 | O6: =UpgradedProtectorStats!O18 -> 0.9 | P6: =UpgradedProtectorStats!P18 -> 200 | Q6: =UpgradedProtectorStats!Q18 -> 0 | S6: =C6/O6 -> 0 | T6: =D6/O6 -> 24.2 | U6: =E6/O6 -> 13.444444 | V6: =F6/O6 -> 16.133333 | W6: =G6/O6 -> 16.133333 | X6: =H6/O6 -> 24.2 | Y6: =I6/O6 -> 26.62 | Z6: =J6/O6 -> 24.2 | AA6: =K6/O6 -> 28 | AB6: =M6/O6 -> 23.333333
A7: =UpgradedProtectorStats!A22+5 -> 70010 | B7: Black Iron Helm +5 | C7: =UpgradedProtectorStats!C22 -> 12 | D7: =UpgradedProtectorStats!D22 -> 65.34 | E7: =UpgradedProtectorStats!E22 -> 26.62 | F7: =UpgradedProtectorStats!F22 -> 45.98 | G7: =UpgradedProtectorStats!G22 -> 19.36 | H7: =UpgradedProtectorStats!D22*(1+(UpgradedProtectorStats!H22/100)) -> 75.141 | I7: =UpgradedProtectorStats!D22*(1+(UpgradedProtectorStats!I22/100)) -> 62.073 | J7: =UpgradedProtectorStats!D22*(1+(UpgradedProtectorStats!J22/100)) -> 65.34 | K7: =UpgradedProtectorStats!K22 -> 14 | L7: =UpgradedProtectorStats!L22 -> 14 | M7: =UpgradedProtectorStats!M22 -> 23.8 | N7: =UpgradedProtectorStats!N22 -> 7 | O7: =UpgradedProtectorStats!O22 -> 6 | P7: =UpgradedProtectorStats!P22 -> 600 | Q7: =UpgradedProtectorStats!Q22 -> -1 | S7: =C7/O7 -> 2 | T7: =D7/O7 -> 10.89 | U7: =E7/O7 -> 4.4366667 | V7: =F7/O7 -> 7.6633333 | W7: =G7/O7 -> 3.2266667 | X7: =H7/O7 -> 12.5235 | Y7: =I7/O7 -> 10.3455 | Z7: =J7/O7 -> 10.89 | AA7: =K7/O7 -> 2.3333333 | AB7: =M7/O7 -> 3.9666667
A8: =UpgradedProtectorStats!A26 -> 80000 | B8: Smough's Helm | C8: =UpgradedProtectorStats!C26 -> 14 | D8: =UpgradedProtectorStats!D26 -> 40 | E8: =UpgradedProtectorStats!E26 -> 19 | F8: =UpgradedProtectorStats!F26 -> 26 | G8: =UpgradedProtectorStats!G26 -> 21 | H8: =UpgradedProtectorStats!D26*(1+(UpgradedProtectorStats!H26/100)) -> 46 | I8: =UpgradedProtectorStats!D26*(1+(UpgradedProtectorStats!I26/100)) -> 34.8 | J8: =UpgradedProtectorStats!D26*(1+(UpgradedProtectorStats!J26/100)) -> 40 | K8: =UpgradedProtectorStats!K26 -> 12 | L8: =UpgradedProtectorStats!L26 -> 12 | M8: =UpgradedProtectorStats!M26 -> 21 | N8: =UpgradedProtectorStats!N26 -> 5 | O8: =UpgradedProtectorStats!O26 -> 6.8 | P8: =UpgradedProtectorStats!P26 -> 700 | Q8: =UpgradedProtectorStats!Q26 -> -1 | S8: =C8/O8 -> 2.0588235 | T8: =D8/O8 -> 5.8823529 | U8: =E8/O8 -> 2.7941176 | V8: =F8/O8 -> 3.8235294 | W8: =G8/O8 -> 3.0882353 | X8: =H8/O8 -> 6.7647059 | Y8: =I8/O8 -> 5.1176471 | Z8: =J8/O8 -> 5.8823529 | AA8: =K8/O8 -> 1.7647059 | AB8: =M8/O8 -> 3.0882353
A9: =UpgradedProtectorStats!A30 -> 90000 | B9: Six-Eyed Helm of the Channelers | C9: =UpgradedProtectorStats!C30 -> 5 | D9: =UpgradedProtectorStats!D30 -> 20 | E9: =UpgradedProtectorStats!E30 -> 18 | F9: =UpgradedProtectorStats!F30 -> 17 | G9: =UpgradedProtectorStats!G30 -> 13 | H9: =UpgradedProtectorStats!D30*(1+(UpgradedProtectorStats!H30/100)) -> 22.8 | I9: =UpgradedProtectorStats!D30*(1+(UpgradedProtectorStats!I30/100)) -> 19.2 | J9: =UpgradedProtectorStats!D30*(1+(UpgradedProtectorStats!J30/100)) -> 20 | K9: =UpgradedProtectorStats!K30 -> 13 | L9: =UpgradedProtectorStats!L30 -> 13 | M9: =UpgradedProtectorStats!M30 -> 15 | N9: =UpgradedProtectorStats!N30 -> 0 | O9: =UpgradedProtectorStats!O30 -> 3.9 | P9: =UpgradedProtectorStats!P30 -> 300 | Q9: =UpgradedProtectorStats!Q30 -> 0 | S9: =C9/O9 -> 1.2820513 | T9: =D9/O9 -> 5.1282051 | U9: =E9/O9 -> 4.6153846 | V9: =F9/O9 -> 4.3589744 | W9: =G9/O9 -> 3.3333333 | X9: =H9/O9 -> 5.8461538 | Y9: =I9/O9 -> 4.9230769 | Z9: =J9/O9 -> 5.1282051 | AA9: =K9/O9 -> 3.3333333 | AB9: =M9/O9 -> 3.8461538
A10: =UpgradedProtectorStats!A34+5 -> 100010 | B10: Helm of Favor +5 | C10: =UpgradedProtectorStats!C34 -> 8 | D10: =UpgradedProtectorStats!D34 -> 27.9 | E10: =UpgradedProtectorStats!E34 -> 15.5 | F10: =UpgradedProtectorStats!F34 -> 17.05 | G10: =UpgradedProtectorStats!G34 -> 10.85 | H10: =UpgradedProtectorStats!D34*(1+(UpgradedProtectorStats!H34/100)) -> 32.364 | I10: =UpgradedProtectorStats!D34*(1+(UpgradedProtectorStats!I34/100)) -> 26.505 | J10: =UpgradedProtectorStats!D34*(1+(UpgradedProtectorStats!J34/100)) -> 27.9 | K10: =UpgradedProtectorStats!K34 -> 10.16 | L10: =UpgradedProtectorStats!L34 -> 10.16 | M10: =UpgradedProtectorStats!M34 -> 13.97 | N10: =UpgradedProtectorStats!N34 -> 10.16 | O10: =UpgradedProtectorStats!O34 -> 4.5 | P10: =UpgradedProtectorStats!P34 -> 500 | Q10: =UpgradedProtectorStats!Q34 -> 0 | S10: =C10/O10 -> 1.7777778 | T10: =D10/O10 -> 6.2 | U10: =E10/O10 -> 3.4444444 | V10: =F10/O10 -> 3.7888889 | W10: =G10/O10 -> 2.4111111 | X10: =H10/O10 -> 7.192 | Y10: =I10/O10 -> 5.89 | Z10: =J10/O10 -> 6.2 | AA10: =K10/O10 -> 2.2577778 | AB10: =M10/O10 -> 3.1044444
A11: =UpgradedProtectorStats!A38 -> 110000 | B11: Helm of the Wise | C11: =UpgradedProtectorStats!C38 -> 8 | D11: =UpgradedProtectorStats!D38 -> 18 | E11: =UpgradedProtectorStats!E38 -> 12 | F11: =UpgradedProtectorStats!F38 -> 13 | G11: =UpgradedProtectorStats!G38 -> 10 | H11: =UpgradedProtectorStats!D38*(1+(UpgradedProtectorStats!H38/100)) -> 20.7 | I11: =UpgradedProtectorStats!D38*(1+(UpgradedProtectorStats!I38/100)) -> 17.1 | J11: =UpgradedProtectorStats!D38*(1+(UpgradedProtectorStats!J38/100)) -> 18 | K11: =UpgradedProtectorStats!K38 -> 7 | L11: =UpgradedProtectorStats!L38 -> 7 | M11: =UpgradedProtectorStats!M38 -> 11 | N11: =UpgradedProtectorStats!N38 -> 18 | O11: =UpgradedProtectorStats!O38 -> 5.1 | P11: =UpgradedProtectorStats!P38 -> 500 | Q11: =UpgradedProtectorStats!Q38 -> 0 | S11: =C11/O11 -> 1.5686275 | T11: =D11/O11 -> 3.5294118 | U11: =E11/O11 -> 2.3529412 | V11: =F11/O11 -> 2.5490196 | W11: =G11/O11 -> 1.9607843 | X11: =H11/O11 -> 4.0588235 | Y11: =I11/O11 -> 3.3529412 | Z11: =J11/O11 -> 3.5294118 | AA11: =K11/O11 -> 1.372549 | AB11: =M11/O11 -> 2.1568627
A12: =UpgradedProtectorStats!A42 -> 120000 | B12: Stone Helm | C12: =UpgradedProtectorStats!C42 -> 15 | D12: =UpgradedProtectorStats!D42 -> 35 | E12: =UpgradedProtectorStats!E42 -> 17 | F12: =UpgradedProtectorStats!F42 -> 21 | G12: =UpgradedProtectorStats!G42 -> 21 | H12: =UpgradedProtectorStats!D42*(1+(UpgradedProtectorStats!H42/100)) -> 40.25 | I12: =UpgradedProtectorStats!D42*(1+(UpgradedProtectorStats!I42/100)) -> 32.9 | J12: =UpgradedProtectorStats!D42*(1+(UpgradedProtectorStats!J42/100)) -> 35 | K12: =UpgradedProtectorStats!K42 -> 6 | L12: =UpgradedProtectorStats!L42 -> 6 | M12: =UpgradedProtectorStats!M42 -> 17 | N12: =UpgradedProtectorStats!N42 -> 0 | O12: =UpgradedProtectorStats!O42 -> 6.8 | P12: =UpgradedProtectorStats!P42 -> 800 | Q12: =UpgradedProtectorStats!Q42 -> -1 | S12: =C12/O12 -> 2.2058824 | T12: =D12/O12 -> 5.1470588 | U12: =E12/O12 -> 2.5 | V12: =F12/O12 -> 3.0882353 | W12: =G12/O12 -> 3.0882353 | X12: =H12/O12 -> 5.9191176 | Y12: =I12/O12 -> 4.8382353 | Z12: =J12/O12 -> 5.1470588 | AA12: =K12/O12 -> 0.88235294 | AB12: =M12/O12 -> 2.5
A13: =UpgradedProtectorStats!A46 -> 130000 | B13: Crystalline Helm | C13: =UpgradedProtectorStats!C46 -> 6 | D13: =UpgradedProtectorStats!D46 -> 25 | E13: =UpgradedProtectorStats!E46 -> 8 | F13: =UpgradedProtectorStats!F46 -> 6 | G13: =UpgradedProtectorStats!G46 -> 2 | H13: =UpgradedProtectorStats!D46*(1+(UpgradedProtectorStats!H46/100)) -> 28.75 | I13: =UpgradedProtectorStats!D46*(1+(UpgradedProtectorStats!I46/100)) -> 21.25 | J13: =UpgradedProtectorStats!D46*(1+(UpgradedProtectorStats!J46/100)) -> 25 | K13: =UpgradedProtectorStats!K46 -> 0 | L13: =UpgradedProtectorStats!L46 -> 0 | M13: =UpgradedProtectorStats!M46 -> 6 | N13: =UpgradedProtectorStats!N46 -> 0 | O13: =UpgradedProtectorStats!O46 -> 4.2 | P13: =UpgradedProtectorStats!P46 -> 150 | Q13: =UpgradedProtectorStats!Q46 -> 0 | S13: =C13/O13 -> 1.4285714 | T13: =D13/O13 -> 5.952381 | U13: =E13/O13 -> 1.9047619 | V13: =F13/O13 -> 1.4285714 | W13: =G13/O13 -> 0.47619048 | X13: =H13/O13 -> 6.8452381 | Y13: =I13/O13 -> 5.0595238 | Z13: =J13/O13 -> 5.952381 | AA13: =K13/O13 -> 0 | AB13: =M13/O13 -> 1.4285714
A14: =UpgradedProtectorStats!A50+5 -> 140010 | B14: Mask of the Sealer +5 | C14: =UpgradedProtectorStats!C50 -> 0 | D14: =UpgradedProtectorStats!D50 -> 18.6 | E14: =UpgradedProtectorStats!E50 -> 18.6 | F14: =UpgradedProtectorStats!F50 -> 10.85 | G14: =UpgradedProtectorStats!G50 -> 13.95 | H14: =UpgradedProtectorStats!D50*(1+(UpgradedProtectorStats!H50/100)) -> 18.6 | I14: =UpgradedProtectorStats!D50*(1+(UpgradedProtectorStats!I50/100)) -> 20.46 | J14: =UpgradedProtectorStats!D50*(1+(UpgradedProtectorStats!J50/100)) -> 18.6 | K14: =UpgradedProtectorStats!K50 -> 10.16 | L14: =UpgradedProtectorStats!L50 -> 10.16 | M14: =UpgradedProtectorStats!M50 -> 10.16 | N14: =UpgradedProtectorStats!N50 -> 10.16 | O14: =UpgradedProtectorStats!O50 -> 1.5 | P14: =UpgradedProtectorStats!P50 -> 400 | Q14: =UpgradedProtectorStats!Q50 -> 0 | S14: =C14/O14 -> 0 | T14: =D14/O14 -> 12.4 | U14: =E14/O14 -> 12.4 | V14: =F14/O14 -> 7.2333333 | W14: =G14/O14 -> 9.3 | X14: =H14/O14 -> 12.4 | Y14: =I14/O14 -> 13.64 | Z14: =J14/O14 -> 12.4 | AA14: =K14/O14 -> 6.7733333 | AB14: =M14/O14 -> 6.7733333
A15: =UpgradedProtectorStats!A54+5 -> 150010 | B15: Mask of Velka +5 | C15: =UpgradedProtectorStats!C54 -> 0 | D15: =UpgradedProtectorStats!D54 -> 18.6 | E15: =UpgradedProtectorStats!E54 -> 18.6 | F15: =UpgradedProtectorStats!F54 -> 15.5 | G15: =UpgradedProtectorStats!G54 -> 10.85 | H15: =UpgradedProtectorStats!D54*(1+(UpgradedProtectorStats!H54/100)) -> 18.6 | I15: =UpgradedProtectorStats!D54*(1+(UpgradedProtectorStats!I54/100)) -> 20.274 | J15: =UpgradedProtectorStats!D54*(1+(UpgradedProtectorStats!J54/100)) -> 18.6 | K15: =UpgradedProtectorStats!K54 -> 11.43 | L15: =UpgradedProtectorStats!L54 -> 11.43 | M15: =UpgradedProtectorStats!M54 -> 11.43 | N15: =UpgradedProtectorStats!N54 -> 25.4 | O15: =UpgradedProtectorStats!O54 -> 2.5 | P15: =UpgradedProtectorStats!P54 -> 400 | Q15: =UpgradedProtectorStats!Q54 -> 0 | S15: =C15/O15 -> 0 | T15: =D15/O15 -> 7.44 | U15: =E15/O15 -> 7.44 | V15: =F15/O15 -> 6.2 | W15: =G15/O15 -> 4.34 | X15: =H15/O15 -> 7.44 | Y15: =I15/O15 -> 8.1096 | Z15: =J15/O15 -> 7.44 | AA15: =K15/O15 -> 4.572 | AB15: =M15/O15 -> 4.572
A16: =UpgradedProtectorStats!A58+10 -> 160020 | B16: Iron Helm +10 | C16: =UpgradedProtectorStats!C58 -> 8 | D16: =UpgradedProtectorStats!D58 -> 33.88 | E16: =UpgradedProtectorStats!E58 -> 24.2 | F16: =UpgradedProtectorStats!F58 -> 24.2 | G16: =UpgradedProtectorStats!G58 -> 21.78 | H16: =UpgradedProtectorStats!D58*(1+(UpgradedProtectorStats!H58/100)) -> 33.88 | I16: =UpgradedProtectorStats!D58*(1+(UpgradedProtectorStats!I58/100)) -> 33.88 | J16: =UpgradedProtectorStats!D58*(1+(UpgradedProtectorStats!J58/100)) -> 33.2024 | K16: =UpgradedProtectorStats!K58 -> 11.2 | L16: =UpgradedProtectorStats!L58 -> 11.2 | M16: =UpgradedProtectorStats!M58 -> 16.8 | N16: =UpgradedProtectorStats!N58 -> 2.8 | O16: =UpgradedProtectorStats!O58 -> 4.5 | P16: =UpgradedProtectorStats!P58 -> 350 | Q16: =UpgradedProtectorStats!Q58 -> 0 | S16: =C16/O16 -> 1.7777778 | T16: =D16/O16 -> 7.5288889 | U16: =E16/O16 -> 5.3777778 | V16: =F16/O16 -> 5.3777778 | W16: =G16/O16 -> 4.84 | X16: =H16/O16 -> 7.5288889 | Y16: =I16/O16 -> 7.5288889 | Z16: =J16/O16 -> 7.3783111 | AA16: =K16/O16 -> 2.4888889 | AB16: =M16/O16 -> 3.7333333
A17: =UpgradedProtectorStats!A62+10 -> 170020 | B17: Chain Helm +10 | C17: =UpgradedProtectorStats!C62 -> 5 | D17: =UpgradedProtectorStats!D62 -> 29.04 | E17: =UpgradedProtectorStats!E62 -> 24.2 | F17: =UpgradedProtectorStats!F62 -> 19.36 | G17: =UpgradedProtectorStats!G62 -> 7.26 | H17: =UpgradedProtectorStats!D62*(1+(UpgradedProtectorStats!H62/100)) -> 34.848 | I17: =UpgradedProtectorStats!D62*(1+(UpgradedProtectorStats!I62/100)) -> 29.04 | J17: =UpgradedProtectorStats!D62*(1+(UpgradedProtectorStats!J62/100)) -> 28.1688 | K17: =UpgradedProtectorStats!K62 -> 8.4 | L17: =UpgradedProtectorStats!L62 -> 8.4 | M17: =UpgradedProtectorStats!M62 -> 14 | N17: =UpgradedProtectorStats!N62 -> 0 | O17: =UpgradedProtectorStats!O62 -> 3 | P17: =UpgradedProtectorStats!P62 -> 300 | Q17: =UpgradedProtectorStats!Q62 -> 0 | S17: =C17/O17 -> 1.6666667 | T17: =D17/O17 -> 9.68 | U17: =E17/O17 -> 8.0666667 | V17: =F17/O17 -> 6.4533333 | W17: =G17/O17 -> 2.42 | X17: =H17/O17 -> 11.616 | Y17: =I17/O17 -> 9.68 | Z17: =J17/O17 -> 9.3896 | AA17: =K17/O17 -> 2.8 | AB17: =M17/O17 -> 4.6666667
A18: =UpgradedProtectorStats!A66+10 -> 180020 | B18: Cleric Helm +10 | C18: =UpgradedProtectorStats!C66 -> 8 | D18: =UpgradedProtectorStats!D66 -> 36.3 | E18: =UpgradedProtectorStats!E66 -> 21.78 | F18: =UpgradedProtectorStats!F66 -> 19.36 | G18: =UpgradedProtectorStats!G66 -> 14.52 | H18: =UpgradedProtectorStats!D66*(1+(UpgradedProtectorStats!H66/100)) -> 41.745 | I18: =UpgradedProtectorStats!D66*(1+(UpgradedProtectorStats!I66/100)) -> 36.3 | J18: =UpgradedProtectorStats!D66*(1+(UpgradedProtectorStats!J66/100)) -> 36.3 | K18: =UpgradedProtectorStats!K66 -> 8.4 | L18: =UpgradedProtectorStats!L66 -> 8.4 | M18: =UpgradedProtectorStats!M66 -> 12.6 | N18: =UpgradedProtectorStats!N66 -> 0 | O18: =UpgradedProtectorStats!O66 -> 4.8 | P18: =UpgradedProtectorStats!P66 -> 500 | Q18: =UpgradedProtectorStats!Q66 -> -1 | S18: =C18/O18 -> 1.6666667 | T18: =D18/O18 -> 7.5625 | U18: =E18/O18 -> 4.5375 | V18: =F18/O18 -> 4.0333333 | W18: =G18/O18 -> 3.025 | X18: =H18/O18 -> 8.696875 | Y18: =I18/O18 -> 7.5625 | Z18: =J18/O18 -> 7.5625 | AA18: =K18/O18 -> 1.75 | AB18: =M18/O18 -> 2.625
A19: =UpgradedProtectorStats!A70 -> 190000 | B19: Sunlight Maggot | C19: =UpgradedProtectorStats!C70 -> 0 | D19: =UpgradedProtectorStats!D70 -> 6 | E19: =UpgradedProtectorStats!E70 -> 5 | F19: =UpgradedProtectorStats!F70 -> 24 | G19: =UpgradedProtectorStats!G70 -> 13 | H19: =UpgradedProtectorStats!D70*(1+(UpgradedProtectorStats!H70/100)) -> 6 | I19: =UpgradedProtectorStats!D70*(1+(UpgradedProtectorStats!I70/100)) -> 6 | J19: =UpgradedProtectorStats!D70*(1+(UpgradedProtectorStats!J70/100)) -> 6 | K19: =UpgradedProtectorStats!K70 -> 0 | L19: =UpgradedProtectorStats!L70 -> 0 | M19: =UpgradedProtectorStats!M70 -> 0 | N19: =UpgradedProtectorStats!N70 -> 0 | O19: =UpgradedProtectorStats!O70 -> 1.4 | P19: =UpgradedProtectorStats!P70 -> 80 | Q19: =UpgradedProtectorStats!Q70 -> 0 | S19: =C19/O19 -> 0 | T19: =D19/O19 -> 4.2857143 | U19: =E19/O19 -> 3.5714286 | V19: =F19/O19 -> 17.142857 | W19: =G19/O19 -> 9.2857143 | X19: =H19/O19 -> 4.2857143 | Y19: =I19/O19 -> 4.2857143 | Z19: =J19/O19 -> 4.2857143 | AA19: =K19/O19 -> 0 | AB19: =M19/O19 -> 0
A20: =UpgradedProtectorStats!A71+5 -> 200010 | B20: Helm of Thorns +5 | C20: =UpgradedProtectorStats!C71 -> 6 | D20: =UpgradedProtectorStats!D71 -> 26.35 | E20: =UpgradedProtectorStats!E71 -> 15.5 | F20: =UpgradedProtectorStats!F71 -> 18.6 | G20: =UpgradedProtectorStats!G71 -> 12.4 | H20: =UpgradedProtectorStats!D71*(1+(UpgradedProtectorStats!H71/100)) -> 28.7215 | I20: =UpgradedProtectorStats!D71*(1+(UpgradedProtectorStats!I71/100)) -> 25.0325 | J20: =UpgradedProtectorStats!D71*(1+(UpgradedProtectorStats!J71/100)) -> 26.35 | K20: =UpgradedProtectorStats!K71 -> 8.89 | L20: =UpgradedProtectorStats!L71 -> 8.89 | M20: =UpgradedProtectorStats!M71 -> 12.7 | N20: =UpgradedProtectorStats!N71 -> 0 | O20: =UpgradedProtectorStats!O71 -> 4.1 | P20: =UpgradedProtectorStats!P71 -> 250 | Q20: =UpgradedProtectorStats!Q71 -> 0 | S20: =C20/O20 -> 1.4634146 | T20: =D20/O20 -> 6.4268293 | U20: =E20/O20 -> 3.7804878 | V20: =F20/O20 -> 4.5365854 | W20: =G20/O20 -> 3.0243902 | X20: =H20/O20 -> 7.0052439 | Y20: =I20/O20 -> 6.1054878 | Z20: =J20/O20 -> 6.4268293 | AA20: =K20/O20 -> 2.1682927 | AB20: =M20/O20 -> 3.097561
A21: =UpgradedProtectorStats!A75+10 -> 210020 | B21: Standard Helm +10 | C21: =UpgradedProtectorStats!C75 -> 5 | D21: =UpgradedProtectorStats!D75 -> 33.88 | E21: =UpgradedProtectorStats!E75 -> 19.36 | F21: =UpgradedProtectorStats!F75 -> 19.36 | G21: =UpgradedProtectorStats!G75 -> 7.26 | H21: =UpgradedProtectorStats!D75*(1+(UpgradedProtectorStats!H75/100)) -> 38.6232 | I21: =UpgradedProtectorStats!D75*(1+(UpgradedProtectorStats!I75/100)) -> 19.3116 | J21: =UpgradedProtectorStats!D75*(1+(UpgradedProtectorStats!J75/100)) -> 33.88 | K21: =UpgradedProtectorStats!K75 -> 11.2 | L21: =UpgradedProtectorStats!L75 -> 11.2 | M21: =UpgradedProtectorStats!M75 -> 12.6 | N21: =UpgradedProtectorStats!N75 -> 0 | O21: =UpgradedProtectorStats!O75 -> 3.5 | P21: =UpgradedProtectorStats!P75 -> 250 | Q21: =UpgradedProtectorStats!Q75 -> 0 | S21: =C21/O21 -> 1.4285714 | T21: =D21/O21 -> 9.68 | U21: =E21/O21 -> 5.5314286 | V21: =F21/O21 -> 5.5314286 | W21: =G21/O21 -> 2.0742857 | X21: =H21/O21 -> 11.0352 | Y21: =I21/O21 -> 5.5176 | Z21: =J21/O21 -> 9.68 | AA21: =K21/O21 -> 3.2 | AB21: =M21/O21 -> 3.6
A22: =UpgradedProtectorStats!A79+10 -> 220020 | B22: Sorcerer Hat +10 | C22: =UpgradedProtectorStats!C79 -> 0 | D22: =UpgradedProtectorStats!D79 -> 19.36 | E22: =UpgradedProtectorStats!E79 -> 24.2 | F22: =UpgradedProtectorStats!F79 -> 12.1 | G22: =UpgradedProtectorStats!G79 -> 14.52 | H22: =UpgradedProtectorStats!D79*(1+(UpgradedProtectorStats!H79/100)) -> 20.1344 | I22: =UpgradedProtectorStats!D79*(1+(UpgradedProtectorStats!I79/100)) -> 20.9088 | J22: =UpgradedProtectorStats!D79*(1+(UpgradedProtectorStats!J79/100)) -> 19.36 | K22: =UpgradedProtectorStats!K79 -> 7 | L22: =UpgradedProtectorStats!L79 -> 7 | M22: =UpgradedProtectorStats!M79 -> 8.4 | N22: =UpgradedProtectorStats!N79 -> 0 | O22: =UpgradedProtectorStats!O79 -> 0.9 | P22: =UpgradedProtectorStats!P79 -> 200 | Q22: =UpgradedProtectorStats!Q79 -> 0 | S22: =C22/O22 -> 0 | T22: =D22/O22 -> 21.511111 | U22: =E22/O22 -> 26.888889 | V22: =F22/O22 -> 13.444444 | W22: =G22/O22 -> 16.133333 | X22: =H22/O22 -> 22.371556 | Y22: =I22/O22 -> 23.232 | Z22: =J22/O22 -> 21.511111 | AA22: =K22/O22 -> 7.7777778 | AB22: =M22/O22 -> 9.3333333
A23: =UpgradedProtectorStats!A83+10 -> 230020 | B23: Tattered Cloth Hood +10 | C23: =UpgradedProtectorStats!C83 -> 0 | D23: =UpgradedProtectorStats!D83 -> 19.36 | E23: =UpgradedProtectorStats!E83 -> 21.78 | F23: =UpgradedProtectorStats!F83 -> 29.04 | G23: =UpgradedProtectorStats!G83 -> 14.52 | H23: =UpgradedProtectorStats!D83*(1+(UpgradedProtectorStats!H83/100)) -> 19.36 | I23: =UpgradedProtectorStats!D83*(1+(UpgradedProtectorStats!I83/100)) -> 21.4896 | J23: =UpgradedProtectorStats!D83*(1+(UpgradedProtectorStats!J83/100)) -> 19.36 | K23: =UpgradedProtectorStats!K83 -> 32.2 | L23: =UpgradedProtectorStats!L83 -> 32.2 | M23: =UpgradedProtectorStats!M83 -> 12.6 | N23: =UpgradedProtectorStats!N83 -> 1.4 | O23: =UpgradedProtectorStats!O83 -> 1.1 | P23: =UpgradedProtectorStats!P83 -> 400 | Q23: =UpgradedProtectorStats!Q83 -> 0 | S23: =C23/O23 -> 0 | T23: =D23/O23 -> 17.6 | U23: =E23/O23 -> 19.8 | V23: =F23/O23 -> 26.4 | W23: =G23/O23 -> 13.2 | X23: =H23/O23 -> 17.6 | Y23: =I23/O23 -> 19.536 | Z23: =J23/O23 -> 17.6 | AA23: =K23/O23 -> 29.272727 | AB23: =M23/O23 -> 11.454545
A24: =UpgradedProtectorStats!A87+10 -> 240020 | B24: Pharis's Hat +10 | C24: =UpgradedProtectorStats!C87 -> 0 | D24: =UpgradedProtectorStats!D87 -> 16.94 | E24: =UpgradedProtectorStats!E87 -> 12.1 | F24: =UpgradedProtectorStats!F87 -> 16.94 | G24: =UpgradedProtectorStats!G87 -> 14.52 | H24: =UpgradedProtectorStats!D87*(1+(UpgradedProtectorStats!H87/100)) -> 16.94 | I24: =UpgradedProtectorStats!D87*(1+(UpgradedProtectorStats!I87/100)) -> 17.9564 | J24: =UpgradedProtectorStats!D87*(1+(UpgradedProtectorStats!J87/100)) -> 16.94 | K24: =UpgradedProtectorStats!K87 -> 7 | L24: =UpgradedProtectorStats!L87 -> 7 | M24: =UpgradedProtectorStats!M87 -> 8.4 | N24: =UpgradedProtectorStats!N87 -> 0 | O24: =UpgradedProtectorStats!O87 -> 1.2 | P24: =UpgradedProtectorStats!P87 -> 250 | Q24: =UpgradedProtectorStats!Q87 -> 0 | S24: =C24/O24 -> 0 | T24: =D24/O24 -> 14.116667 | U24: =E24/O24 -> 10.083333 | V24: =F24/O24 -> 14.116667 | W24: =G24/O24 -> 12.1 | X24: =H24/O24 -> 14.116667 | Y24: =I24/O24 -> 14.963667 | Z24: =J24/O24 -> 14.116667 | AA24: =K24/O24 -> 5.8333333 | AB24: =M24/O24 -> 7
A25: =UpgradedProtectorStats!A91+5 -> 250010 | B25: Painting Guardian Hood +5 | C25: =UpgradedProtectorStats!C91 -> 0 | D25: =UpgradedProtectorStats!D91 -> 4.65 | E25: =UpgradedProtectorStats!E91 -> 48.05 | F25: =UpgradedProtectorStats!F91 -> 17.05 | G25: =UpgradedProtectorStats!G91 -> 12.4 | H25: =UpgradedProtectorStats!D91*(1+(UpgradedProtectorStats!H91/100)) -> 4.65 | I25: =UpgradedProtectorStats!D91*(1+(UpgradedProtectorStats!I91/100)) -> 5.58 | J25: =UpgradedProtectorStats!D91*(1+(UpgradedProtectorStats!J91/100)) -> 4.65 | K25: =UpgradedProtectorStats!K91 -> 38.1 | L25: =UpgradedProtectorStats!L91 -> 38.1 | M25: =UpgradedProtectorStats!M91 -> 15.24 | N25: =UpgradedProtectorStats!N91 -> 7.62 | O25: =UpgradedProtectorStats!O91 -> 0.6 | P25: =UpgradedProtectorStats!P91 -> 150 | Q25: =UpgradedProtectorStats!Q91 -> 0 | S25: =C25/O25 -> 0 | T25: =D25/O25 -> 7.75 | U25: =E25/O25 -> 80.083333 | V25: =F25/O25 -> 28.416667 | W25: =G25/O25 -> 20.666667 | X25: =H25/O25 -> 7.75 | Y25: =I25/O25 -> 9.3 | Z25: =J25/O25 -> 7.75 | AA25: =K25/O25 -> 63.5 | AB25: =M25/O25 -> 25.4
A26: =UpgradedProtectorStats!A95 -> 270000 | B26: Ornstein's Helm | C26: =UpgradedProtectorStats!C95 -> 9 | D26: =UpgradedProtectorStats!D95 -> 32 | E26: =UpgradedProtectorStats!E95 -> 16 | F26: =UpgradedProtectorStats!F95 -> 22 | G26: =UpgradedProtectorStats!G95 -> 18 | H26: =UpgradedProtectorStats!D95*(1+(UpgradedProtectorStats!H95/100)) -> 36.16 | I26: =UpgradedProtectorStats!D95*(1+(UpgradedProtectorStats!I95/100)) -> 30.4 | J26: =UpgradedProtectorStats!D95*(1+(UpgradedProtectorStats!J95/100)) -> 32 | K26: =UpgradedProtectorStats!K95 -> 8 | L26: =UpgradedProtectorStats!L95 -> 8 | M26: =UpgradedProtectorStats!M95 -> 18 | N26: =UpgradedProtectorStats!N95 -> 8 | O26: =UpgradedProtectorStats!O95 -> 5.5 | P26: =UpgradedProtectorStats!P95 -> 700 | Q26: =UpgradedProtectorStats!Q95 -> -1 | S26: =C26/O26 -> 1.6363636 | T26: =D26/O26 -> 5.8181818 | U26: =E26/O26 -> 2.9090909 | V26: =F26/O26 -> 4 | W26: =G26/O26 -> 3.2727273 | X26: =H26/O26 -> 6.5745455 | Y26: =I26/O26 -> 5.5272727 | Z26: =J26/O26 -> 5.8181818 | AA26: =K26/O26 -> 1.4545455 | AB26: =M26/O26 -> 3.2727273
A27: =UpgradedProtectorStats!A99+5 -> 280010 | B27: Eastern Helm +5 | C27: =UpgradedProtectorStats!C99 -> 8 | D27: =UpgradedProtectorStats!D99 -> 26.35 | E27: =UpgradedProtectorStats!E99 -> 9.3 | F27: =UpgradedProtectorStats!F99 -> 18.6 | G27: =UpgradedProtectorStats!G99 -> 10.85 | H27: =UpgradedProtectorStats!D99*(1+(UpgradedProtectorStats!H99/100)) -> 32.674 | I27: =UpgradedProtectorStats!D99*(1+(UpgradedProtectorStats!I99/100)) -> 25.0325 | J27: =UpgradedProtectorStats!D99*(1+(UpgradedProtectorStats!J99/100)) -> 25.5595 | K27: =UpgradedProtectorStats!K99 -> 13.97 | L27: =UpgradedProtectorStats!L99 -> 13.97 | M27: =UpgradedProtectorStats!M99 -> 19.05 | N27: =UpgradedProtectorStats!N99 -> 0 | O27: =UpgradedProtectorStats!O99 -> 4.7 | P27: =UpgradedProtectorStats!P99 -> 450 | Q27: =UpgradedProtectorStats!Q99 -> 0 | S27: =C27/O27 -> 1.7021277 | T27: =D27/O27 -> 5.606383 | U27: =E27/O27 -> 1.9787234 | V27: =F27/O27 -> 3.9574468 | W27: =G27/O27 -> 2.3085106 | X27: =H27/O27 -> 6.9519149 | Y27: =I27/O27 -> 5.3260638 | Z27: =J27/O27 -> 5.4381915 | AA27: =K27/O27 -> 2.9723404 | AB27: =M27/O27 -> 4.0531915
A28: =UpgradedProtectorStats!A103+5 -> 290010 | B28: Xanthous Crown +5 | C28: =UpgradedProtectorStats!C103 -> 0 | D28: =UpgradedProtectorStats!D103 -> 27.9 | E28: =UpgradedProtectorStats!E103 -> 23.25 | F28: =UpgradedProtectorStats!F103 -> 4.65 | G28: =UpgradedProtectorStats!G103 -> 12.4 | H28: =UpgradedProtectorStats!D103*(1+(UpgradedProtectorStats!H103/100)) -> 27.9 | I28: =UpgradedProtectorStats!D103*(1+(UpgradedProtectorStats!I103/100)) -> 42.966 | J28: =UpgradedProtectorStats!D103*(1+(UpgradedProtectorStats!J103/100)) -> 23.715 | K28: =UpgradedProtectorStats!K103 -> 13.97 | L28: =UpgradedProtectorStats!L103 -> 13.97 | M28: =UpgradedProtectorStats!M103 -> 10.16 | N28: =UpgradedProtectorStats!N103 -> 44.45 | O28: =UpgradedProtectorStats!O103 -> 5 | P28: =UpgradedProtectorStats!P103 -> 400 | Q28: =UpgradedProtectorStats!Q103 -> 0 | S28: =C28/O28 -> 0 | T28: =D28/O28 -> 5.58 | U28: =E28/O28 -> 4.65 | V28: =F28/O28 -> 0.93 | W28: =G28/O28 -> 2.48 | X28: =H28/O28 -> 5.58 | Y28: =I28/O28 -> 8.5932 | Z28: =J28/O28 -> 4.743 | AA28: =K28/O28 -> 2.794 | AB28: =M28/O28 -> 2.032
A29: =UpgradedProtectorStats!A107+10 -> 300020 | B29: Thief Mask +10 | C29: =UpgradedProtectorStats!C107 -> 0 | D29: =UpgradedProtectorStats!D107 -> 21.78 | E29: =UpgradedProtectorStats!E107 -> 19.36 | F29: =UpgradedProtectorStats!F107 -> 12.1 | G29: =UpgradedProtectorStats!G107 -> 14.52 | H29: =UpgradedProtectorStats!D107*(1+(UpgradedProtectorStats!H107/100)) -> 21.78 | I29: =UpgradedProtectorStats!D107*(1+(UpgradedProtectorStats!I107/100)) -> 23.3046 | J29: =UpgradedProtectorStats!D107*(1+(UpgradedProtectorStats!J107/100)) -> 21.78 | K29: =UpgradedProtectorStats!K107 -> 16.8 | L29: =UpgradedProtectorStats!L107 -> 16.8 | M29: =UpgradedProtectorStats!M107 -> 12.6 | N29: =UpgradedProtectorStats!N107 -> 0 | O29: =UpgradedProtectorStats!O107 -> 1.2 | P29: =UpgradedProtectorStats!P107 -> 250 | Q29: =UpgradedProtectorStats!Q107 -> 0 | S29: =C29/O29 -> 0 | T29: =D29/O29 -> 18.15 | U29: =E29/O29 -> 16.133333 | V29: =F29/O29 -> 10.083333 | W29: =G29/O29 -> 12.1 | X29: =H29/O29 -> 18.15 | Y29: =I29/O29 -> 19.4205 | Z29: =J29/O29 -> 18.15 | AA29: =K29/O29 -> 14 | AB29: =M29/O29 -> 10.5
A30: =UpgradedProtectorStats!A111+10 -> 310020 | B30: Priest's Hat +10 | C30: =UpgradedProtectorStats!C111 -> 0 | D30: =UpgradedProtectorStats!D111 -> 19.36 | E30: =UpgradedProtectorStats!E111 -> 21.78 | F30: =UpgradedProtectorStats!F111 -> 4.84 | G30: =UpgradedProtectorStats!G111 -> 16.94 | H30: =UpgradedProtectorStats!D111*(1+(UpgradedProtectorStats!H111/100)) -> 19.36 | I30: =UpgradedProtectorStats!D111*(1+(UpgradedProtectorStats!I111/100)) -> 22.8448 | J30: =UpgradedProtectorStats!D111*(1+(UpgradedProtectorStats!J111/100)) -> 19.36 | K30: =UpgradedProtectorStats!K111 -> 11.2 | L30: =UpgradedProtectorStats!L111 -> 11.2 | M30: =UpgradedProtectorStats!M111 -> 12.6 | N30: =UpgradedProtectorStats!N111 -> 0 | O30: =UpgradedProtectorStats!O111 -> 1.2 | P30: =UpgradedProtectorStats!P111 -> 350 | Q30: =UpgradedProtectorStats!Q111 -> 0 | S30: =C30/O30 -> 0 | T30: =D30/O30 -> 16.133333 | U30: =E30/O30 -> 18.15 | V30: =F30/O30 -> 4.0333333 | W30: =G30/O30 -> 14.116667 | X30: =H30/O30 -> 16.133333 | Y30: =I30/O30 -> 19.037333 | Z30: =J30/O30 -> 16.133333 | AA30: =K30/O30 -> 9.3333333 | AB30: =M30/O30 -> 10.5
A31: =UpgradedProtectorStats!A115+5 -> 320010 | B31: Black Knight Helm +5 | C31: =UpgradedProtectorStats!C115 -> 8 | D31: =UpgradedProtectorStats!D115 -> 32.55 | E31: =UpgradedProtectorStats!E115 -> 17.05 | F31: =UpgradedProtectorStats!F115 -> 27.9 | G31: =UpgradedProtectorStats!G115 -> 9.3 | H31: =UpgradedProtectorStats!D115*(1+(UpgradedProtectorStats!H115/100)) -> 36.7815 | I31: =UpgradedProtectorStats!D115*(1+(UpgradedProtectorStats!I115/100)) -> 30.9225 | J31: =UpgradedProtectorStats!D115*(1+(UpgradedProtectorStats!J115/100)) -> 31.899 | K31: =UpgradedProtectorStats!K115 -> 7.62 | L31: =UpgradedProtectorStats!L115 -> 7.62 | M31: =UpgradedProtectorStats!M115 -> 15.24 | N31: =UpgradedProtectorStats!N115 -> 0 | O31: =UpgradedProtectorStats!O115 -> 5 | P31: =UpgradedProtectorStats!P115 -> 550 | Q31: =UpgradedProtectorStats!Q115 -> -1 | S31: =C31/O31 -> 1.6 | T31: =D31/O31 -> 6.51 | U31: =E31/O31 -> 3.41 | V31: =F31/O31 -> 5.58 | W31: =G31/O31 -> 1.86 | X31: =H31/O31 -> 7.3563 | Y31: =I31/O31 -> 6.1845 | Z31: =J31/O31 -> 6.3798 | AA31: =K31/O31 -> 1.524 | AB31: =M31/O31 -> 3.048
A32: =UpgradedProtectorStats!A119 -> 330000 | B32: Crown of Dusk | C32: =UpgradedProtectorStats!C119 -> 0 | D32: =UpgradedProtectorStats!D119 -> 5 | E32: =UpgradedProtectorStats!E119 -> 11 | F32: =UpgradedProtectorStats!F119 -> 2 | G32: =UpgradedProtectorStats!G119 -> 6 | H32: =UpgradedProtectorStats!D119*(1+(UpgradedProtectorStats!H119/100)) -> 5 | I32: =UpgradedProtectorStats!D119*(1+(UpgradedProtectorStats!I119/100)) -> 5 | J32: =UpgradedProtectorStats!D119*(1+(UpgradedProtectorStats!J119/100)) -> 5 | K32: =UpgradedProtectorStats!K119 -> 5 | L32: =UpgradedProtectorStats!L119 -> 5 | M32: =UpgradedProtectorStats!M119 -> 5 | N32: =UpgradedProtectorStats!N119 -> 20 | O32: =UpgradedProtectorStats!O119 -> 0.4 | P32: =UpgradedProtectorStats!P119 -> 150 | Q32: =UpgradedProtectorStats!Q119 -> 0 | S32: =C32/O32 -> 0 | T32: =D32/O32 -> 12.5 | U32: =E32/O32 -> 27.5 | V32: =F32/O32 -> 5 | W32: =G32/O32 -> 15 | X32: =H32/O32 -> 12.5 | Y32: =I32/O32 -> 12.5 | Z32: =J32/O32 -> 12.5 | AA32: =K32/O32 -> 12.5 | AB32: =M32/O32 -> 12.5
A33: =UpgradedProtectorStats!A123+5 -> 340010 | B33: Witch Hat +5 | C33: =UpgradedProtectorStats!C123 -> 0 | D33: =UpgradedProtectorStats!D123 -> 13.95 | E33: =UpgradedProtectorStats!E123 -> 18.6 | F33: =UpgradedProtectorStats!F123 -> 9.3 | G33: =UpgradedProtectorStats!G123 -> 10.85 | H33: =UpgradedProtectorStats!D123*(1+(UpgradedProtectorStats!H123/100)) -> 13.95 | I33: =UpgradedProtectorStats!D123*(1+(UpgradedProtectorStats!I123/100)) -> 15.4845 | J33: =UpgradedProtectorStats!D123*(1+(UpgradedProtectorStats!J123/100)) -> 13.95 | K33: =UpgradedProtectorStats!K123 -> 12.7 | L33: =UpgradedProtectorStats!L123 -> 12.7 | M33: =UpgradedProtectorStats!M123 -> 12.7 | N33: =UpgradedProtectorStats!N123 -> 13.97 | O33: =UpgradedProtectorStats!O123 -> 1.1 | P33: =UpgradedProtectorStats!P123 -> 250 | Q33: =UpgradedProtectorStats!Q123 -> 0 | S33: =C33/O33 -> 0 | T33: =D33/O33 -> 12.681818 | U33: =E33/O33 -> 16.909091 | V33: =F33/O33 -> 8.4545455 | W33: =G33/O33 -> 9.8636364 | X33: =H33/O33 -> 12.681818 | Y33: =I33/O33 -> 14.076818 | Z33: =J33/O33 -> 12.681818 | AA33: =K33/O33 -> 11.545455 | AB33: =M33/O33 -> 11.545455
A34: =UpgradedProtectorStats!A127+10 -> 350020 | B34: Elite Knight Helm +10 | C34: =UpgradedProtectorStats!C127 -> 8 | D34: =UpgradedProtectorStats!D127 -> 36.3 | E34: =UpgradedProtectorStats!E127 -> 16.94 | F34: =UpgradedProtectorStats!F127 -> 19.36 | G34: =UpgradedProtectorStats!G127 -> 14.52 | H34: =UpgradedProtectorStats!D127*(1+(UpgradedProtectorStats!H127/100)) -> 42.108 | I34: =UpgradedProtectorStats!D127*(1+(UpgradedProtectorStats!I127/100)) -> 35.211 | J34: =UpgradedProtectorStats!D127*(1+(UpgradedProtectorStats!J127/100)) -> 36.3 | K34: =UpgradedProtectorStats!K127 -> 8.4 | L34: =UpgradedProtectorStats!L127 -> 8.4 | M34: =UpgradedProtectorStats!M127 -> 12.6 | N34: =UpgradedProtectorStats!N127 -> 0 | O34: =UpgradedProtectorStats!O127 -> 4.5 | P34: =UpgradedProtectorStats!P127 -> 450 | Q34: =UpgradedProtectorStats!Q127 -> 0 | S34: =C34/O34 -> 1.7777778 | T34: =D34/O34 -> 8.0666667 | U34: =E34/O34 -> 3.7644444 | V34: =F34/O34 -> 4.3022222 | W34: =G34/O34 -> 3.2266667 | X34: =H34/O34 -> 9.3573333 | Y34: =I34/O34 -> 7.8246667 | Z34: =J34/O34 -> 8.0666667 | AA34: =K34/O34 -> 1.8666667 | AB34: =M34/O34 -> 2.8
A35: =UpgradedProtectorStats!A131+10 -> 360020 | B35: Wanderer Hood +10 | C35: =UpgradedProtectorStats!C131 -> 0 | D35: =UpgradedProtectorStats!D131 -> 13.95 | E35: =UpgradedProtectorStats!E131 -> 12.4 | F35: =UpgradedProtectorStats!F131 -> 15.5 | G35: =UpgradedProtectorStats!G131 -> 13.95 | H35: =UpgradedProtectorStats!D131*(1+(UpgradedProtectorStats!H131/100)) -> 14.9265 | I35: =UpgradedProtectorStats!D131*(1+(UpgradedProtectorStats!I131/100)) -> 14.9265 | J35: =UpgradedProtectorStats!D131*(1+(UpgradedProtectorStats!J131/100)) -> 13.95 | K35: =UpgradedProtectorStats!K131 -> 10.16 | L35: =UpgradedProtectorStats!L131 -> 10.16 | M35: =UpgradedProtectorStats!M131 -> 10.16 | N35: =UpgradedProtectorStats!N131 -> 0 | O35: =UpgradedProtectorStats!O131 -> 1.4 | P35: =UpgradedProtectorStats!P131 -> 400 | Q35: =UpgradedProtectorStats!Q131 -> 0 | S35: =C35/O35 -> 0 | T35: =D35/O35 -> 9.9642857 | U35: =E35/O35 -> 8.8571429 | V35: =F35/O35 -> 11.071429 | W35: =G35/O35 -> 9.9642857 | X35: =H35/O35 -> 10.661786 | Y35: =I35/O35 -> 10.661786 | Z35: =J35/O35 -> 9.9642857 | AA35: =K35/O35 -> 7.2571429 | AB35: =M35/O35 -> 7.2571429
A36: =UpgradedProtectorStats!A135+10 -> 370020 | B36: Mage Smith Hat +10 | C36: =UpgradedProtectorStats!C135 -> 0 | D36: =UpgradedProtectorStats!D135 -> 12.4 | E36: =UpgradedProtectorStats!E135 -> 15.5 | F36: =UpgradedProtectorStats!F135 -> 7.75 | G36: =UpgradedProtectorStats!G135 -> 9.3 | H36: =UpgradedProtectorStats!D135*(1+(UpgradedProtectorStats!H135/100)) -> 12.896 | I36: =UpgradedProtectorStats!D135*(1+(UpgradedProtectorStats!I135/100)) -> 13.392 | J36: =UpgradedProtectorStats!D135*(1+(UpgradedProtectorStats!J135/100)) -> 12.4 | K36: =UpgradedProtectorStats!K135 -> 6.35 | L36: =UpgradedProtectorStats!L135 -> 6.35 | M36: =UpgradedProtectorStats!M135 -> 7.62 | N36: =UpgradedProtectorStats!N135 -> 0 | O36: =UpgradedProtectorStats!O135 -> 0.9 | P36: =UpgradedProtectorStats!P135 -> 200 | Q36: =UpgradedProtectorStats!Q135 -> 0 | S36: =C36/O36 -> 0 | T36: =D36/O36 -> 13.777778 | U36: =E36/O36 -> 17.222222 | V36: =F36/O36 -> 8.6111111 | W36: =G36/O36 -> 10.333333 | X36: =H36/O36 -> 14.328889 | Y36: =I36/O36 -> 14.88 | Z36: =J36/O36 -> 13.777778 | AA36: =K36/O36 -> 7.0555556 | AB36: =M36/O36 -> 8.4666667
A37: =UpgradedProtectorStats!A139+5 -> 380010 | B37: Big Hat +5 | C37: =UpgradedProtectorStats!C139 -> 0 | D37: =UpgradedProtectorStats!D139 -> 21.7 | E37: =UpgradedProtectorStats!E139 -> 66.65 | F37: =UpgradedProtectorStats!F139 -> 10.85 | G37: =UpgradedProtectorStats!G139 -> 26.35 | H37: =UpgradedProtectorStats!D139*(1+(UpgradedProtectorStats!H139/100)) -> 23.87 | I37: =UpgradedProtectorStats!D139*(1+(UpgradedProtectorStats!I139/100)) -> 23.87 | J37: =UpgradedProtectorStats!D139*(1+(UpgradedProtectorStats!J139/100)) -> 19.53 | K37: =UpgradedProtectorStats!K139 -> 16.51 | L37: =UpgradedProtectorStats!L139 -> 16.51 | M37: =UpgradedProtectorStats!M139 -> 16.51 | N37: =UpgradedProtectorStats!N139 -> 0 | O37: =UpgradedProtectorStats!O139 -> 3 | P37: =UpgradedProtectorStats!P139 -> 250 | Q37: =UpgradedProtectorStats!Q139 -> 0 | S37: =C37/O37 -> 0 | T37: =D37/O37 -> 7.2333333 | U37: =E37/O37 -> 22.216667 | V37: =F37/O37 -> 3.6166667 | W37: =G37/O37 -> 8.7833333 | X37: =H37/O37 -> 7.9566667 | Y37: =I37/O37 -> 7.9566667 | Z37: =J37/O37 -> 6.51 | AA37: =K37/O37 -> 5.5033333 | AB37: =M37/O37 -> 5.5033333
A38: =UpgradedProtectorStats!A143+10 -> 390020 | B38: Knight Helm +10 | C38: =UpgradedProtectorStats!C143 -> 8 | D38: =UpgradedProtectorStats!D143 -> 33.88 | E38: =UpgradedProtectorStats!E143 -> 14.52 | F38: =UpgradedProtectorStats!F143 -> 19.36 | G38: =UpgradedProtectorStats!G143 -> 12.1 | H38: =UpgradedProtectorStats!D143*(1+(UpgradedProtectorStats!H143/100)) -> 39.3008 | I38: =UpgradedProtectorStats!D143*(1+(UpgradedProtectorStats!I143/100)) -> 32.186 | J38: =UpgradedProtectorStats!D143*(1+(UpgradedProtectorStats!J143/100)) -> 33.2024 | K38: =UpgradedProtectorStats!K143 -> 8.4 | L38: =UpgradedProtectorStats!L143 -> 8.4 | M38: =UpgradedProtectorStats!M143 -> 12.6 | N38: =UpgradedProtectorStats!N143 -> 0 | O38: =UpgradedProtectorStats!O143 -> 4.2 | P38: =UpgradedProtectorStats!P143 -> 400 | Q38: =UpgradedProtectorStats!Q143 -> 0 | S38: =C38/O38 -> 1.9047619 | T38: =D38/O38 -> 8.0666667 | U38: =E38/O38 -> 3.4571429 | V38: =F38/O38 -> 4.6095238 | W38: =G38/O38 -> 2.8809524 | X38: =H38/O38 -> 9.3573333 | Y38: =I38/O38 -> 7.6633333 | Z38: =J38/O38 -> 7.9053333 | AA38: =K38/O38 -> 2 | AB38: =M38/O38 -> 3
A39: =UpgradedProtectorStats!A147+10 -> 400020 | B39: Dingy Hood +10 | C39: =UpgradedProtectorStats!C147 -> 0 | D39: =UpgradedProtectorStats!D147 -> 14.52 | E39: =UpgradedProtectorStats!E147 -> 19.36 | F39: =UpgradedProtectorStats!F147 -> 12.1 | G39: =UpgradedProtectorStats!G147 -> 14.52 | H39: =UpgradedProtectorStats!D147*(1+(UpgradedProtectorStats!H147/100)) -> 14.52 | I39: =UpgradedProtectorStats!D147*(1+(UpgradedProtectorStats!I147/100)) -> 18.15 | J39: =UpgradedProtectorStats!D147*(1+(UpgradedProtectorStats!J147/100)) -> 14.52 | K39: =UpgradedProtectorStats!K147 -> 9.8 | L39: =UpgradedProtectorStats!L147 -> 9.8 | M39: =UpgradedProtectorStats!M147 -> 12.6 | N39: =UpgradedProtectorStats!N147 -> 12.6 | O39: =UpgradedProtectorStats!O147 -> 0.8 | P39: =UpgradedProtectorStats!P147 -> 150 | Q39: =UpgradedProtectorStats!Q147 -> 0 | S39: =C39/O39 -> 0 | T39: =D39/O39 -> 18.15 | U39: =E39/O39 -> 24.2 | V39: =F39/O39 -> 15.125 | W39: =G39/O39 -> 18.15 | X39: =H39/O39 -> 18.15 | Y39: =I39/O39 -> 22.6875 | Z39: =J39/O39 -> 18.15 | AA39: =K39/O39 -> 12.25 | AB39: =M39/O39 -> 15.75
A40: =UpgradedProtectorStats!A151+10 -> 410020 | B40: Maiden Hood +10 | C40: =UpgradedProtectorStats!C151 -> 0 | D40: =UpgradedProtectorStats!D151 -> 16.94 | E40: =UpgradedProtectorStats!E151 -> 19.36 | F40: =UpgradedProtectorStats!F151 -> 12.1 | G40: =UpgradedProtectorStats!G151 -> 14.52 | H40: =UpgradedProtectorStats!D151*(1+(UpgradedProtectorStats!H151/100)) -> 16.94 | I40: =UpgradedProtectorStats!D151*(1+(UpgradedProtectorStats!I151/100)) -> 19.8198 | J40: =UpgradedProtectorStats!D151*(1+(UpgradedProtectorStats!J151/100)) -> 16.94 | K40: =UpgradedProtectorStats!K151 -> 9.8 | L40: =UpgradedProtectorStats!L151 -> 9.8 | M40: =UpgradedProtectorStats!M151 -> 12.6 | N40: =UpgradedProtectorStats!N151 -> 4.2 | O40: =UpgradedProtectorStats!O151 -> 0.8 | P40: =UpgradedProtectorStats!P151 -> 150 | Q40: =UpgradedProtectorStats!Q151 -> 0 | S40: =C40/O40 -> 0 | T40: =D40/O40 -> 21.175 | U40: =E40/O40 -> 24.2 | V40: =F40/O40 -> 15.125 | W40: =G40/O40 -> 18.15 | X40: =H40/O40 -> 21.175 | Y40: =I40/O40 -> 24.77475 | Z40: =J40/O40 -> 21.175 | AA40: =K40/O40 -> 12.25 | AB40: =M40/O40 -> 15.75
A41: =UpgradedProtectorStats!A155+5 -> 420010 | B41: Silver Knight Helm +5 | C41: =UpgradedProtectorStats!C155 -> 8 | D41: =UpgradedProtectorStats!D155 -> 32.55 | E41: =UpgradedProtectorStats!E155 -> 15.5 | F41: =UpgradedProtectorStats!F155 -> 17.05 | G41: =UpgradedProtectorStats!G155 -> 21.7 | H41: =UpgradedProtectorStats!D155*(1+(UpgradedProtectorStats!H155/100)) -> 37.4325 | I41: =UpgradedProtectorStats!D155*(1+(UpgradedProtectorStats!I155/100)) -> 30.597 | J41: =UpgradedProtectorStats!D155*(1+(UpgradedProtectorStats!J155/100)) -> 31.899 | K41: =UpgradedProtectorStats!K155 -> 6.35 | L41: =UpgradedProtectorStats!L155 -> 6.35 | M41: =UpgradedProtectorStats!M155 -> 11.43 | N41: =UpgradedProtectorStats!N155 -> 1.27 | O41: =UpgradedProtectorStats!O155 -> 4.8 | P41: =UpgradedProtectorStats!P155 -> 600 | Q41: =UpgradedProtectorStats!Q155 -> 0 | S41: =C41/O41 -> 1.6666667 | T41: =D41/O41 -> 6.78125 | U41: =E41/O41 -> 3.2291667 | V41: =F41/O41 -> 3.5520833 | W41: =G41/O41 -> 4.5208333 | X41: =H41/O41 -> 7.7984375 | Y41: =I41/O41 -> 6.374375 | Z41: =J41/O41 -> 6.645625 | AA41: =K41/O41 -> 1.3229167 | AB41: =M41/O41 -> 2.38125
A42: =UpgradedProtectorStats!A159 -> 440000 | B42: Havel's Helm | C42: =UpgradedProtectorStats!C159 -> 18 | D42: =UpgradedProtectorStats!D159 -> 36 | E42: =UpgradedProtectorStats!E159 -> 22 | F42: =UpgradedProtectorStats!F159 -> 22 | G42: =UpgradedProtectorStats!G159 -> 18 | H42: =UpgradedProtectorStats!D159*(1+(UpgradedProtectorStats!H159/100)) -> 41.4 | I42: =UpgradedProtectorStats!D159*(1+(UpgradedProtectorStats!I159/100)) -> 30.6 | J42: =UpgradedProtectorStats!D159*(1+(UpgradedProtectorStats!J159/100)) -> 36 | K42: =UpgradedProtectorStats!K159 -> 4 | L42: =UpgradedProtectorStats!L159 -> 4 | M42: =UpgradedProtectorStats!M159 -> 18 | N42: =UpgradedProtectorStats!N159 -> 9 | O42: =UpgradedProtectorStats!O159 -> 7.5 | P42: =UpgradedProtectorStats!P159 -> 900 | Q42: =UpgradedProtectorStats!Q159 -> -1 | S42: =C42/O42 -> 2.4 | T42: =D42/O42 -> 4.8 | U42: =E42/O42 -> 2.9333333 | V42: =F42/O42 -> 2.9333333 | W42: =G42/O42 -> 2.4 | X42: =H42/O42 -> 5.52 | Y42: =I42/O42 -> 4.08 | Z42: =J42/O42 -> 4.8 | AA42: =K42/O42 -> 0.53333333 | AB42: =M42/O42 -> 2.4
A43: =UpgradedProtectorStats!A163+5 -> 450010 | B43: Brass Helm +5 | C43: =UpgradedProtectorStats!C163 -> 8 | D43: =UpgradedProtectorStats!D163 -> 34.1 | E43: =UpgradedProtectorStats!E163 -> 18.6 | F43: =UpgradedProtectorStats!F163 -> 17.05 | G43: =UpgradedProtectorStats!G163 -> 17.05 | H43: =UpgradedProtectorStats!D163*(1+(UpgradedProtectorStats!H163/100)) -> 38.533 | I43: =UpgradedProtectorStats!D163*(1+(UpgradedProtectorStats!I163/100)) -> 32.736 | J43: =UpgradedProtectorStats!D163*(1+(UpgradedProtectorStats!J163/100)) -> 34.1 | K43: =UpgradedProtectorStats!K163 -> 11.43 | L43: =UpgradedProtectorStats!L163 -> 11.43 | M43: =UpgradedProtectorStats!M163 -> 13.97 | N43: =UpgradedProtectorStats!N163 -> 7.62 | O43: =UpgradedProtectorStats!O163 -> 5.1 | P43: =UpgradedProtectorStats!P163 -> 600 | Q43: =UpgradedProtectorStats!Q163 -> 0 | S43: =C43/O43 -> 1.5686275 | T43: =D43/O43 -> 6.6862745 | U43: =E43/O43 -> 3.6470588 | V43: =F43/O43 -> 3.3431373 | W43: =G43/O43 -> 3.3431373 | X43: =H43/O43 -> 7.5554902 | Y43: =I43/O43 -> 6.4188235 | Z43: =J43/O43 -> 6.6862745 | AA43: =K43/O43 -> 2.2411765 | AB43: =M43/O43 -> 2.7392157
A44: =UpgradedProtectorStats!A167 -> 460000 | B44: Gold-Hemmed Black Hood | C44: =UpgradedProtectorStats!C167 -> 0 | D44: =UpgradedProtectorStats!D167 -> 11 | E44: =UpgradedProtectorStats!E167 -> 15 | F44: =UpgradedProtectorStats!F167 -> 22 | G44: =UpgradedProtectorStats!G167 -> 8 | H44: =UpgradedProtectorStats!D167*(1+(UpgradedProtectorStats!H167/100)) -> 11 | I44: =UpgradedProtectorStats!D167*(1+(UpgradedProtectorStats!I167/100)) -> 11.77 | J44: =UpgradedProtectorStats!D167*(1+(UpgradedProtectorStats!J167/100)) -> 11 | K44: =UpgradedProtectorStats!K167 -> 36 | L44: =UpgradedProtectorStats!L167 -> 36 | M44: =UpgradedProtectorStats!M167 -> 16 | N44: =UpgradedProtectorStats!N167 -> 0 | O44: =UpgradedProtectorStats!O167 -> 1.4 | P44: =UpgradedProtectorStats!P167 -> 400 | Q44: =UpgradedProtectorStats!Q167 -> 0 | S44: =C44/O44 -> 0 | T44: =D44/O44 -> 7.8571429 | U44: =E44/O44 -> 10.714286 | V44: =F44/O44 -> 15.714286 | W44: =G44/O44 -> 5.7142857 | X44: =H44/O44 -> 7.8571429 | Y44: =I44/O44 -> 8.4071429 | Z44: =J44/O44 -> 7.8571429 | AA44: =K44/O44 -> 25.714286 | AB44: =M44/O44 -> 11.428571
A45: =UpgradedProtectorStats!A171 -> 470000 | B45: Golem Helm | C45: =UpgradedProtectorStats!C171 -> 13 | D45: =UpgradedProtectorStats!D171 -> 35 | E45: =UpgradedProtectorStats!E171 -> 17 | F45: =UpgradedProtectorStats!F171 -> 16 | G45: =UpgradedProtectorStats!G171 -> 6 | H45: =UpgradedProtectorStats!D171*(1+(UpgradedProtectorStats!H171/100)) -> 40.95 | I45: =UpgradedProtectorStats!D171*(1+(UpgradedProtectorStats!I171/100)) -> 32.2 | J45: =UpgradedProtectorStats!D171*(1+(UpgradedProtectorStats!J171/100)) -> 35 | K45: =UpgradedProtectorStats!K171 -> 12 | L45: =UpgradedProtectorStats!L171 -> 12 | M45: =UpgradedProtectorStats!M171 -> 17 | N45: =UpgradedProtectorStats!N171 -> 0 | O45: =UpgradedProtectorStats!O171 -> 6.3 | P45: =UpgradedProtectorStats!P171 -> 700 | Q45: =UpgradedProtectorStats!Q171 -> -1 | S45: =C45/O45 -> 2.0634921 | T45: =D45/O45 -> 5.5555556 | U45: =E45/O45 -> 2.6984127 | V45: =F45/O45 -> 2.5396825 | W45: =G45/O45 -> 0.95238095 | X45: =H45/O45 -> 6.5 | Y45: =I45/O45 -> 5.1111111 | Z45: =J45/O45 -> 5.5555556 | AA45: =K45/O45 -> 1.9047619 | AB45: =M45/O45 -> 2.6984127
A46: =UpgradedProtectorStats!A175+10 -> 480020 | B46: Hollow Soldier Helm +10 | C46: =UpgradedProtectorStats!C175 -> 5 | D46: =UpgradedProtectorStats!D175 -> 24.2 | E46: =UpgradedProtectorStats!E175 -> 14.52 | F46: =UpgradedProtectorStats!F175 -> 14.52 | G46: =UpgradedProtectorStats!G175 -> 9.68 | H46: =UpgradedProtectorStats!D175*(1+(UpgradedProtectorStats!H175/100)) -> 26.862 | I46: =UpgradedProtectorStats!D175*(1+(UpgradedProtectorStats!I175/100)) -> 24.2 | J46: =UpgradedProtectorStats!D175*(1+(UpgradedProtectorStats!J175/100)) -> 21.296 | K46: =UpgradedProtectorStats!K175 -> 7 | L46: =UpgradedProtectorStats!L175 -> 7 | M46: =UpgradedProtectorStats!M175 -> 9.8 | N46: =UpgradedProtectorStats!N175 -> 0 | O46: =UpgradedProtectorStats!O175 -> 3 | P46: =UpgradedProtectorStats!P175 -> 200 | Q46: =UpgradedProtectorStats!Q175 -> 0 | S46: =C46/O46 -> 1.6666667 | T46: =D46/O46 -> 8.0666667 | U46: =E46/O46 -> 4.84 | V46: =F46/O46 -> 4.84 | W46: =G46/O46 -> 3.2266667 | X46: =H46/O46 -> 8.954 | Y46: =I46/O46 -> 8.0666667 | Z46: =J46/O46 -> 7.0986667 | AA46: =K46/O46 -> 2.3333333 | AB46: =M46/O46 -> 3.2666667
A47: =UpgradedProtectorStats!A178+10 -> 490020 | B47: Steel Helm +10 | C47: =UpgradedProtectorStats!C178 -> 9 | D47: =UpgradedProtectorStats!D178 -> 38.72 | E47: =UpgradedProtectorStats!E178 -> 19.36 | F47: =UpgradedProtectorStats!F178 -> 19.36 | G47: =UpgradedProtectorStats!G178 -> 12.1 | H47: =UpgradedProtectorStats!D178*(1+(UpgradedProtectorStats!H178/100)) -> 44.528 | I47: =UpgradedProtectorStats!D178*(1+(UpgradedProtectorStats!I178/100)) -> 36.3968 | J47: =UpgradedProtectorStats!D178*(1+(UpgradedProtectorStats!J178/100)) -> 38.72 | K47: =UpgradedProtectorStats!K178 -> 8.4 | L47: =UpgradedProtectorStats!L178 -> 8.4 | M47: =UpgradedProtectorStats!M178 -> 12.6 | N47: =UpgradedProtectorStats!N178 -> 0 | O47: =UpgradedProtectorStats!O178 -> 5.4 | P47: =UpgradedProtectorStats!P178 -> 500 | Q47: =UpgradedProtectorStats!Q178 -> -1 | S47: =C47/O47 -> 1.6666667 | T47: =D47/O47 -> 7.1703704 | U47: =E47/O47 -> 3.5851852 | V47: =F47/O47 -> 3.5851852 | W47: =G47/O47 -> 2.2407407 | X47: =H47/O47 -> 8.2459259 | Y47: =I47/O47 -> 6.7401481 | Z47: =J47/O47 -> 7.1703704 | AA47: =K47/O47 -> 1.5555556 | AB47: =M47/O47 -> 2.3333333
A48: =UpgradedProtectorStats!A182+10 -> 500020 | B48: Hollow Thief's Hood +10 | C48: =UpgradedProtectorStats!C182 -> 0 | D48: =UpgradedProtectorStats!D182 -> 19.36 | E48: =UpgradedProtectorStats!E182 -> 19.36 | F48: =UpgradedProtectorStats!F182 -> 12.1 | G48: =UpgradedProtectorStats!G182 -> 16.94 | H48: =UpgradedProtectorStats!D182*(1+(UpgradedProtectorStats!H182/100)) -> 19.36 | I48: =UpgradedProtectorStats!D182*(1+(UpgradedProtectorStats!I182/100)) -> 21.1024 | J48: =UpgradedProtectorStats!D182*(1+(UpgradedProtectorStats!J182/100)) -> 20.1344 | K48: =UpgradedProtectorStats!K182 -> 15.4 | L48: =UpgradedProtectorStats!L182 -> 15.4 | M48: =UpgradedProtectorStats!M182 -> 8.4 | N48: =UpgradedProtectorStats!N182 -> 0 | O48: =UpgradedProtectorStats!O182 -> 1.1 | P48: =UpgradedProtectorStats!P182 -> 250 | Q48: =UpgradedProtectorStats!Q182 -> 0 | S48: =C48/O48 -> 0 | T48: =D48/O48 -> 17.6 | U48: =E48/O48 -> 17.6 | V48: =F48/O48 -> 11 | W48: =G48/O48 -> 15.4 | X48: =H48/O48 -> 17.6 | Y48: =I48/O48 -> 19.184 | Z48: =J48/O48 -> 18.304 | AA48: =K48/O48 -> 14 | AB48: =M48/O48 -> 7.6363636
A49: =UpgradedProtectorStats!A185+10 -> 510020 | B49: Balder Helm +10 | C49: =UpgradedProtectorStats!C185 -> 6 | D49: =UpgradedProtectorStats!D185 -> 33.88 | E49: =UpgradedProtectorStats!E185 -> 14.52 | F49: =UpgradedProtectorStats!F185 -> 19.36 | G49: =UpgradedProtectorStats!G185 -> 14.52 | H49: =UpgradedProtectorStats!D185*(1+(UpgradedProtectorStats!H185/100)) -> 41.3336 | I49: =UpgradedProtectorStats!D185*(1+(UpgradedProtectorStats!I185/100)) -> 33.2024 | J49: =UpgradedProtectorStats!D185*(1+(UpgradedProtectorStats!J185/100)) -> 32.5248 | K49: =UpgradedProtectorStats!K185 -> 8.4 | L49: =UpgradedProtectorStats!L185 -> 8.4 | M49: =UpgradedProtectorStats!M185 -> 11.2 | N49: =UpgradedProtectorStats!N185 -> 0 | O49: =UpgradedProtectorStats!O185 -> 4.2 | P49: =UpgradedProtectorStats!P185 -> 450 | Q49: =UpgradedProtectorStats!Q185 -> 0 | S49: =C49/O49 -> 1.4285714 | T49: =D49/O49 -> 8.0666667 | U49: =E49/O49 -> 3.4571429 | V49: =F49/O49 -> 4.6095238 | W49: =G49/O49 -> 3.4571429 | X49: =H49/O49 -> 9.8413333 | Y49: =I49/O49 -> 7.9053333 | Z49: =J49/O49 -> 7.744 | AA49: =K49/O49 -> 2 | AB49: =M49/O49 -> 2.6666667
A50: =UpgradedProtectorStats!A189+10 -> 520020 | B50: Hollow Warrior Helm +10 | C50: =UpgradedProtectorStats!C189 -> 3 | D50: =UpgradedProtectorStats!D189 -> 24.2 | E50: =UpgradedProtectorStats!E189 -> 14.52 | F50: =UpgradedProtectorStats!F189 -> 12.1 | G50: =UpgradedProtectorStats!G189 -> 14.52 | H50: =UpgradedProtectorStats!D189*(1+(UpgradedProtectorStats!H189/100)) -> 24.926 | I50: =UpgradedProtectorStats!D189*(1+(UpgradedProtectorStats!I189/100)) -> 23.474 | J50: =UpgradedProtectorStats!D189*(1+(UpgradedProtectorStats!J189/100)) -> 22.99 | K50: =UpgradedProtectorStats!K189 -> 7 | L50: =UpgradedProtectorStats!L189 -> 7 | M50: =UpgradedProtectorStats!M189 -> 7 | N50: =UpgradedProtectorStats!N189 -> 0 | O50: =UpgradedProtectorStats!O189 -> 2.6 | P50: =UpgradedProtectorStats!P189 -> 250 | Q50: =UpgradedProtectorStats!Q189 -> 0 | S50: =C50/O50 -> 1.1538462 | T50: =D50/O50 -> 9.3076923 | U50: =E50/O50 -> 5.5846154 | V50: =F50/O50 -> 4.6538462 | W50: =G50/O50 -> 5.5846154 | X50: =H50/O50 -> 9.5869231 | Y50: =I50/O50 -> 9.0284615 | Z50: =J50/O50 -> 8.8423077 | AA50: =K50/O50 -> 2.6923077 | AB50: =M50/O50 -> 2.6923077
A51: =UpgradedProtectorStats!A192+5 -> 530010 | B51: Giant Helm +5 | C51: =UpgradedProtectorStats!C192 -> 14 | D51: =UpgradedProtectorStats!D192 -> 41.85 | E51: =UpgradedProtectorStats!E192 -> 20.15 | F51: =UpgradedProtectorStats!F192 -> 29.45 | G51: =UpgradedProtectorStats!G192 -> 20.15 | H51: =UpgradedProtectorStats!D192*(1+(UpgradedProtectorStats!H192/100)) -> 47.2905 | I51: =UpgradedProtectorStats!D192*(1+(UpgradedProtectorStats!I192/100)) -> 38.502 | J51: =UpgradedProtectorStats!D192*(1+(UpgradedProtectorStats!J192/100)) -> 41.85 | K51: =UpgradedProtectorStats!K192 -> 10.16 | L51: =UpgradedProtectorStats!L192 -> 10.16 | M51: =UpgradedProtectorStats!M192 -> 16.51 | N51: =UpgradedProtectorStats!N192 -> 0 | O51: =UpgradedProtectorStats!O192 -> 6.3 | P51: =UpgradedProtectorStats!P192 -> 600 | Q51: =UpgradedProtectorStats!Q192 -> -1 | S51: =C51/O51 -> 2.2222222 | T51: =D51/O51 -> 6.6428571 | U51: =E51/O51 -> 3.1984127 | V51: =F51/O51 -> 4.6746032 | W51: =G51/O51 -> 3.1984127 | X51: =H51/O51 -> 7.5064286 | Y51: =I51/O51 -> 6.1114286 | Z51: =J51/O51 -> 6.6428571 | AA51: =K51/O51 -> 1.6126984 | AB51: =M51/O51 -> 2.6206349
A52: =UpgradedProtectorStats!A196 -> 540000 | B52: Crown of the Dark Sun | C52: =UpgradedProtectorStats!C196 -> 0 | D52: =UpgradedProtectorStats!D196 -> 12 | E52: =UpgradedProtectorStats!E196 -> 12 | F52: =UpgradedProtectorStats!F196 -> 6 | G52: =UpgradedProtectorStats!G196 -> 6 | H52: =UpgradedProtectorStats!D196*(1+(UpgradedProtectorStats!H196/100)) -> 12 | I52: =UpgradedProtectorStats!D196*(1+(UpgradedProtectorStats!I196/100)) -> 12 | J52: =UpgradedProtectorStats!D196*(1+(UpgradedProtectorStats!J196/100)) -> 12 | K52: =UpgradedProtectorStats!K196 -> 9 | L52: =UpgradedProtectorStats!L196 -> 9 | M52: =UpgradedProtectorStats!M196 -> 9 | N52: =UpgradedProtectorStats!N196 -> 12 | O52: =UpgradedProtectorStats!O196 -> 3 | P52: =UpgradedProtectorStats!P196 -> 300 | Q52: =UpgradedProtectorStats!Q196 -> 0 | S52: =C52/O52 -> 0 | T52: =D52/O52 -> 4 | U52: =E52/O52 -> 4 | V52: =F52/O52 -> 2 | W52: =G52/O52 -> 2 | X52: =H52/O52 -> 4 | Y52: =I52/O52 -> 4 | Z52: =J52/O52 -> 4 | AA52: =K52/O52 -> 3 | AB52: =M52/O52 -> 3
A53: =UpgradedProtectorStats!A200 -> 550000 | B53: Crown of the Great Lord | C53: =UpgradedProtectorStats!C200 -> 0 | D53: =UpgradedProtectorStats!D200 -> 16 | E53: =UpgradedProtectorStats!E200 -> 16 | F53: =UpgradedProtectorStats!F200 -> 21 | G53: =UpgradedProtectorStats!G200 -> 21 | H53: =UpgradedProtectorStats!D200*(1+(UpgradedProtectorStats!H200/100)) -> 18.4 | I53: =UpgradedProtectorStats!D200*(1+(UpgradedProtectorStats!I200/100)) -> 17.28 | J53: =UpgradedProtectorStats!D200*(1+(UpgradedProtectorStats!J200/100)) -> 14.72 | K53: =UpgradedProtectorStats!K200 -> 8 | L53: =UpgradedProtectorStats!L200 -> 8 | M53: =UpgradedProtectorStats!M200 -> 15 | N53: =UpgradedProtectorStats!N200 -> 20 | O53: =UpgradedProtectorStats!O200 -> 3 | P53: =UpgradedProtectorStats!P200 -> 800 | Q53: =UpgradedProtectorStats!Q200 -> 0 | S53: =C53/O53 -> 0 | T53: =D53/O53 -> 5.3333333 | U53: =E53/O53 -> 5.3333333 | V53: =F53/O53 -> 7 | W53: =G53/O53 -> 7 | X53: =H53/O53 -> 6.1333333 | Y53: =I53/O53 -> 5.76 | Z53: =J53/O53 -> 4.9066667 | AA53: =K53/O53 -> 2.6666667 | AB53: =M53/O53 -> 5
A54: =UpgradedProtectorStats!A204+10 -> 560020 | B54: Sack +10 | C54: =UpgradedProtectorStats!C204 -> 0 | D54: =UpgradedProtectorStats!D204 -> 14.52 | E54: =UpgradedProtectorStats!E204 -> 14.52 | F54: =UpgradedProtectorStats!F204 -> 19.36 | G54: =UpgradedProtectorStats!G204 -> 9.68 | H54: =UpgradedProtectorStats!D204*(1+(UpgradedProtectorStats!H204/100)) -> 14.52 | I54: =UpgradedProtectorStats!D204*(1+(UpgradedProtectorStats!I204/100)) -> 24.2484 | J54: =UpgradedProtectorStats!D204*(1+(UpgradedProtectorStats!J204/100)) -> 12.0516 | K54: =UpgradedProtectorStats!K204 -> 14 | L54: =UpgradedProtectorStats!L204 -> 14 | M54: =UpgradedProtectorStats!M204 -> 16.8 | N54: =UpgradedProtectorStats!N204 -> 0 | O54: =UpgradedProtectorStats!O204 -> 0.6 | P54: =UpgradedProtectorStats!P204 -> 150 | Q54: =UpgradedProtectorStats!Q204 -> 0 | S54: =C54/O54 -> 0 | T54: =D54/O54 -> 24.2 | U54: =E54/O54 -> 24.2 | V54: =F54/O54 -> 32.266667 | W54: =G54/O54 -> 16.133333 | X54: =H54/O54 -> 24.2 | Y54: =I54/O54 -> 40.414 | Z54: =J54/O54 -> 20.086 | AA54: =K54/O54 -> 23.333333 | AB54: =M54/O54 -> 28
A55: =UpgradedProtectorStats!A205 -> 570000 | B55: Symbol of Avarice | C55: =UpgradedProtectorStats!C205 -> 15 | D55: =UpgradedProtectorStats!D205 -> 21 | E55: =UpgradedProtectorStats!E205 -> 8 | F55: =UpgradedProtectorStats!F205 -> 2 | G55: =UpgradedProtectorStats!G205 -> 2 | H55: =UpgradedProtectorStats!D205*(1+(UpgradedProtectorStats!H205/100)) -> 21 | I55: =UpgradedProtectorStats!D205*(1+(UpgradedProtectorStats!I205/100)) -> 10.92 | J55: =UpgradedProtectorStats!D205*(1+(UpgradedProtectorStats!J205/100)) -> 21 | K55: =UpgradedProtectorStats!K205 -> 0 | L55: =UpgradedProtectorStats!L205 -> 0 | M55: =UpgradedProtectorStats!M205 -> 10 | N55: =UpgradedProtectorStats!N205 -> 0 | O55: =UpgradedProtectorStats!O205 -> 10 | P55: =UpgradedProtectorStats!P205 -> 300 | Q55: =UpgradedProtectorStats!Q205 -> -1 | S55: =C55/O55 -> 1.5 | T55: =D55/O55 -> 2.1 | U55: =E55/O55 -> 0.8 | V55: =F55/O55 -> 0.2 | W55: =G55/O55 -> 0.2 | X55: =H55/O55 -> 2.1 | Y55: =I55/O55 -> 1.092 | Z55: =J55/O55 -> 2.1 | AA55: =K55/O55 -> 0 | AB55: =M55/O55 -> 1
A56: =UpgradedProtectorStats!A206+10 -> 580020 | B56: Royal Helm +10 | C56: =UpgradedProtectorStats!C206 -> 8 | D56: =UpgradedProtectorStats!D206 -> 38.72 | E56: =UpgradedProtectorStats!E206 -> 24.2 | F56: =UpgradedProtectorStats!F206 -> 24.2 | G56: =UpgradedProtectorStats!G206 -> 14.52 | H56: =UpgradedProtectorStats!D206*(1+(UpgradedProtectorStats!H206/100)) -> 38.72 | I56: =UpgradedProtectorStats!D206*(1+(UpgradedProtectorStats!I206/100)) -> 33.6864 | J56: =UpgradedProtectorStats!D206*(1+(UpgradedProtectorStats!J206/100)) -> 38.72 | K56: =UpgradedProtectorStats!K206 -> 16.8 | L56: =UpgradedProtectorStats!L206 -> 16.8 | M56: =UpgradedProtectorStats!M206 -> 22.4 | N56: =UpgradedProtectorStats!N206 -> 0 | O56: =UpgradedProtectorStats!O206 -> 4.5 | P56: =UpgradedProtectorStats!P206 -> 500 | Q56: =UpgradedProtectorStats!Q206 -> 0 | S56: =C56/O56 -> 1.7777778 | T56: =D56/O56 -> 8.6044444 | U56: =E56/O56 -> 5.3777778 | V56: =F56/O56 -> 5.3777778 | W56: =G56/O56 -> 3.2266667 | X56: =H56/O56 -> 8.6044444 | Y56: =I56/O56 -> 7.4858667 | Z56: =J56/O56 -> 8.6044444 | AA56: =K56/O56 -> 3.7333333 | AB56: =M56/O56 -> 4.9777778
A57: =UpgradedProtectorStats!A207 -> 590000 | B57: Mask of the Father | C57: =UpgradedProtectorStats!C207 -> 0 | D57: =UpgradedProtectorStats!D207 -> 6 | E57: =UpgradedProtectorStats!E207 -> 10 | F57: =UpgradedProtectorStats!F207 -> 6 | G57: =UpgradedProtectorStats!G207 -> 8 | H57: =UpgradedProtectorStats!D207*(1+(UpgradedProtectorStats!H207/100)) -> 6 | I57: =UpgradedProtectorStats!D207*(1+(UpgradedProtectorStats!I207/100)) -> 6 | J57: =UpgradedProtectorStats!D207*(1+(UpgradedProtectorStats!J207/100)) -> 6 | K57: =UpgradedProtectorStats!K207 -> 0 | L57: =UpgradedProtectorStats!L207 -> 0 | M57: =UpgradedProtectorStats!M207 -> 6 | N57: =UpgradedProtectorStats!N207 -> 0 | O57: =UpgradedProtectorStats!O207 -> 1.2 | P57: =UpgradedProtectorStats!P207 -> 200 | Q57: =UpgradedProtectorStats!Q207 -> 0 | S57: =C57/O57 -> 0 | T57: =D57/O57 -> 5 | U57: =E57/O57 -> 8.3333333 | V57: =F57/O57 -> 5 | W57: =G57/O57 -> 6.6666667 | X57: =H57/O57 -> 5 | Y57: =I57/O57 -> 5 | Z57: =J57/O57 -> 5 | AA57: =K57/O57 -> 0 | AB57: =M57/O57 -> 5
A58: =UpgradedProtectorStats!A208 -> 600000 | B58: Mask of the Mother | C58: =UpgradedProtectorStats!C208 -> 0 | D58: =UpgradedProtectorStats!D208 -> 6 | E58: =UpgradedProtectorStats!E208 -> 12 | F58: =UpgradedProtectorStats!F208 -> 6 | G58: =UpgradedProtectorStats!G208 -> 8 | H58: =UpgradedProtectorStats!D208*(1+(UpgradedProtectorStats!H208/100)) -> 6 | I58: =UpgradedProtectorStats!D208*(1+(UpgradedProtectorStats!I208/100)) -> 6 | J58: =UpgradedProtectorStats!D208*(1+(UpgradedProtectorStats!J208/100)) -> 6 | K58: =UpgradedProtectorStats!K208 -> 0 | L58: =UpgradedProtectorStats!L208 -> 0 | M58: =UpgradedProtectorStats!M208 -> 10 | N58: =UpgradedProtectorStats!N208 -> 0 | O58: =UpgradedProtectorStats!O208 -> 1.2 | P58: =UpgradedProtectorStats!P208 -> 200 | Q58: =UpgradedProtectorStats!Q208 -> 0 | S58: =C58/O58 -> 0 | T58: =D58/O58 -> 5 | U58: =E58/O58 -> 10 | V58: =F58/O58 -> 5 | W58: =G58/O58 -> 6.6666667 | X58: =H58/O58 -> 5 | Y58: =I58/O58 -> 5 | Z58: =J58/O58 -> 5 | AA58: =K58/O58 -> 0 | AB58: =M58/O58 -> 8.3333333
A59: =UpgradedProtectorStats!A209 -> 610000 | B59: Mask of the Child | C59: =UpgradedProtectorStats!C209 -> 0 | D59: =UpgradedProtectorStats!D209 -> 6 | E59: =UpgradedProtectorStats!E209 -> 10 | F59: =UpgradedProtectorStats!F209 -> 8 | G59: =UpgradedProtectorStats!G209 -> 10 | H59: =UpgradedProtectorStats!D209*(1+(UpgradedProtectorStats!H209/100)) -> 6 | I59: =UpgradedProtectorStats!D209*(1+(UpgradedProtectorStats!I209/100)) -> 6 | J59: =UpgradedProtectorStats!D209*(1+(UpgradedProtectorStats!J209/100)) -> 6 | K59: =UpgradedProtectorStats!K209 -> 0 | L59: =UpgradedProtectorStats!L209 -> 0 | M59: =UpgradedProtectorStats!M209 -> 6 | N59: =UpgradedProtectorStats!N209 -> 0 | O59: =UpgradedProtectorStats!O209 -> 1.2 | P59: =UpgradedProtectorStats!P209 -> 200 | Q59: =UpgradedProtectorStats!Q209 -> 0 | S59: =C59/O59 -> 0 | T59: =D59/O59 -> 5 | U59: =E59/O59 -> 8.3333333 | V59: =F59/O59 -> 6.6666667 | W59: =G59/O59 -> 8.3333333 | X59: =H59/O59 -> 5 | Y59: =I59/O59 -> 5 | Z59: =J59/O59 -> 5 | AA59: =K59/O59 -> 0 | AB59: =M59/O59 -> 5
A60: =UpgradedProtectorStats!A210+5 -> 620010 | B60: Fang Boar Helm +5 | C60: =UpgradedProtectorStats!C210 -> 12 | D60: =UpgradedProtectorStats!D210 -> 40.3 | E60: =UpgradedProtectorStats!E210 -> 7.75 | F60: =UpgradedProtectorStats!F210 -> 6.2 | G60: =UpgradedProtectorStats!G210 -> 6.2 | H60: =UpgradedProtectorStats!D210*(1+(UpgradedProtectorStats!H210/100)) -> 48.36 | I60: =UpgradedProtectorStats!D210*(1+(UpgradedProtectorStats!I210/100)) -> 36.27 | J60: =UpgradedProtectorStats!D210*(1+(UpgradedProtectorStats!J210/100)) -> 40.3 | K60: =UpgradedProtectorStats!K210 -> 10.16 | L60: =UpgradedProtectorStats!L210 -> 10.16 | M60: =UpgradedProtectorStats!M210 -> 16.51 | N60: =UpgradedProtectorStats!N210 -> 0 | O60: =UpgradedProtectorStats!O210 -> 8 | P60: =UpgradedProtectorStats!P210 -> 600 | Q60: =UpgradedProtectorStats!Q210 -> -1 | S60: =C60/O60 -> 1.5 | T60: =D60/O60 -> 5.0375 | U60: =E60/O60 -> 0.96875 | V60: =F60/O60 -> 0.775 | W60: =G60/O60 -> 0.775 | X60: =H60/O60 -> 6.045 | Y60: =I60/O60 -> 4.53375 | Z60: =J60/O60 -> 5.0375 | AA60: =K60/O60 -> 1.27 | AB60: =M60/O60 -> 2.06375
A61: =UpgradedProtectorStats!A211+5 -> 630010 | B61: Gargoyle Helm +5 | C61: =UpgradedProtectorStats!C211 -> 8 | D61: =UpgradedProtectorStats!D211 -> 23.25 | E61: =UpgradedProtectorStats!E211 -> 23.25 | F61: =UpgradedProtectorStats!F211 -> 23.25 | G61: =UpgradedProtectorStats!G211 -> 23.25 | H61: =UpgradedProtectorStats!D211*(1+(UpgradedProtectorStats!H211/100)) -> 29.5275 | I61: =UpgradedProtectorStats!D211*(1+(UpgradedProtectorStats!I211/100)) -> 19.065 | J61: =UpgradedProtectorStats!D211*(1+(UpgradedProtectorStats!J211/100)) -> 21.1575 | K61: =UpgradedProtectorStats!K211 -> 24.13 | L61: =UpgradedProtectorStats!L211 -> 24.13 | M61: =UpgradedProtectorStats!M211 -> 27.94 | N61: =UpgradedProtectorStats!N211 -> 0 | O61: =UpgradedProtectorStats!O211 -> 3.5 | P61: =UpgradedProtectorStats!P211 -> 500 | Q61: =UpgradedProtectorStats!Q211 -> 0 | S61: =C61/O61 -> 2.2857143 | T61: =D61/O61 -> 6.6428571 | U61: =E61/O61 -> 6.6428571 | V61: =F61/O61 -> 6.6428571 | W61: =G61/O61 -> 6.6428571 | X61: =H61/O61 -> 8.4364286 | Y61: =I61/O61 -> 5.4471429 | Z61: =J61/O61 -> 6.045 | AA61: =K61/O61 -> 6.8942857 | AB61: =M61/O61 -> 7.9828571
A62: =UpgradedProtectorStats!A212+10 -> 640020 | B62: Black Sorcerer Hat +10 | C62: =UpgradedProtectorStats!C212 -> 0 | D62: =UpgradedProtectorStats!D212 -> 12.1 | E62: =UpgradedProtectorStats!E212 -> 26.62 | F62: =UpgradedProtectorStats!F212 -> 19.36 | G62: =UpgradedProtectorStats!G212 -> 19.36 | H62: =UpgradedProtectorStats!D212*(1+(UpgradedProtectorStats!H212/100)) -> 13.189 | I62: =UpgradedProtectorStats!D212*(1+(UpgradedProtectorStats!I212/100)) -> 12.463 | J62: =UpgradedProtectorStats!D212*(1+(UpgradedProtectorStats!J212/100)) -> 12.1 | K62: =UpgradedProtectorStats!K212 -> 16.8 | L62: =UpgradedProtectorStats!L212 -> 16.8 | M62: =UpgradedProtectorStats!M212 -> 16.8 | N62: =UpgradedProtectorStats!N212 -> 2.8 | O62: =UpgradedProtectorStats!O212 -> 0.7 | P62: =UpgradedProtectorStats!P212 -> 200 | Q62: =UpgradedProtectorStats!Q212 -> 0 | S62: =C62/O62 -> 0 | T62: =D62/O62 -> 17.285714 | U62: =E62/O62 -> 38.028571 | V62: =F62/O62 -> 27.657143 | W62: =G62/O62 -> 27.657143 | X62: =H62/O62 -> 18.841429 | Y62: =I62/O62 -> 17.804286 | Z62: =J62/O62 -> 17.285714 | AA62: =K62/O62 -> 24 | AB62: =M62/O62 -> 24
A63: =UpgradedProtectorStats!A216+10 -> 650020 | B63: Elite Cleric Helm +10 | C63: =UpgradedProtectorStats!C216 -> 9 | D63: =UpgradedProtectorStats!D216 -> 38.72 | E63: =UpgradedProtectorStats!E216 -> 21.78 | F63: =UpgradedProtectorStats!F216 -> 19.36 | G63: =UpgradedProtectorStats!G216 -> 14.52 | H63: =UpgradedProtectorStats!D216*(1+(UpgradedProtectorStats!H216/100)) -> 44.1408 | I63: =UpgradedProtectorStats!D216*(1+(UpgradedProtectorStats!I216/100)) -> 38.72 | J63: =UpgradedProtectorStats!D216*(1+(UpgradedProtectorStats!J216/100)) -> 38.72 | K63: =UpgradedProtectorStats!K216 -> 8.4 | L63: =UpgradedProtectorStats!L216 -> 8.4 | M63: =UpgradedProtectorStats!M216 -> 12.6 | N63: =UpgradedProtectorStats!N216 -> 0 | O63: =UpgradedProtectorStats!O216 -> 5.1 | P63: =UpgradedProtectorStats!P216 -> 500 | Q63: =UpgradedProtectorStats!Q216 -> -1 | S63: =C63/O63 -> 1.7647059 | T63: =D63/O63 -> 7.5921569 | U63: =E63/O63 -> 4.2705882 | V63: =F63/O63 -> 3.7960784 | W63: =G63/O63 -> 2.8470588 | X63: =H63/O63 -> 8.6550588 | Y63: =I63/O63 -> 7.5921569 | Z63: =J63/O63 -> 7.5921569 | AA63: =K63/O63 -> 1.6470588 | AB63: =M63/O63 -> 2.4705882
A64: =UpgradedProtectorStats!A220+5 -> 660010 | B64: Helm of Artorias +5 | C64: =UpgradedProtectorStats!C220 -> 6 | D64: =UpgradedProtectorStats!D220 -> 27.9 | E64: =UpgradedProtectorStats!E220 -> 13.95 | F64: =UpgradedProtectorStats!F220 -> 29.45 | G64: =UpgradedProtectorStats!G220 -> 13.95 | H64: =UpgradedProtectorStats!D220*(1+(UpgradedProtectorStats!H220/100)) -> 32.085 | I64: =UpgradedProtectorStats!D220*(1+(UpgradedProtectorStats!I220/100)) -> 25.11 | J64: =UpgradedProtectorStats!D220*(1+(UpgradedProtectorStats!J220/100)) -> 29.295 | K64: =UpgradedProtectorStats!K220 -> 11.43 | L64: =UpgradedProtectorStats!L220 -> 11.43 | M64: =UpgradedProtectorStats!M220 -> 11.43 | N64: =UpgradedProtectorStats!N220 -> 11.43 | O64: =UpgradedProtectorStats!O220 -> 4.2 | P64: =UpgradedProtectorStats!P220 -> 600 | Q64: =UpgradedProtectorStats!Q220 -> 0 | S64: =C64/O64 -> 1.4285714 | T64: =D64/O64 -> 6.6428571 | U64: =E64/O64 -> 3.3214286 | V64: =F64/O64 -> 7.0119048 | W64: =G64/O64 -> 3.3214286 | X64: =H64/O64 -> 7.6392857 | Y64: =I64/O64 -> 5.9785714 | Z64: =J64/O64 -> 6.975 | AA64: =K64/O64 -> 2.7214286 | AB64: =M64/O64 -> 2.7214286
A65: =UpgradedProtectorStats!A224+5 -> 670010 | B65: Porcelain Mask +5 | C65: =UpgradedProtectorStats!C224 -> 3 | D65: =UpgradedProtectorStats!D224 -> 20.15 | E65: =UpgradedProtectorStats!E224 -> 15.5 | F65: =UpgradedProtectorStats!F224 -> 18.6 | G65: =UpgradedProtectorStats!G224 -> 12.4 | H65: =UpgradedProtectorStats!D224*(1+(UpgradedProtectorStats!H224/100)) -> 21.1575 | I65: =UpgradedProtectorStats!D224*(1+(UpgradedProtectorStats!I224/100)) -> 20.15 | J65: =UpgradedProtectorStats!D224*(1+(UpgradedProtectorStats!J224/100)) -> 22.165 | K65: =UpgradedProtectorStats!K224 -> 24.13 | L65: =UpgradedProtectorStats!L224 -> 24.13 | M65: =UpgradedProtectorStats!M224 -> 13.97 | N65: =UpgradedProtectorStats!N224 -> 13.97 | O65: =UpgradedProtectorStats!O224 -> 2.5 | P65: =UpgradedProtectorStats!P224 -> 250 | Q65: =UpgradedProtectorStats!Q224 -> 0 | S65: =C65/O65 -> 1.2 | T65: =D65/O65 -> 8.06 | U65: =E65/O65 -> 6.2 | V65: =F65/O65 -> 7.44 | W65: =G65/O65 -> 4.96 | X65: =H65/O65 -> 8.463 | Y65: =I65/O65 -> 8.06 | Z65: =J65/O65 -> 8.866 | AA65: =K65/O65 -> 9.652 | AB65: =M65/O65 -> 5.588
A66: =UpgradedProtectorStats!A228+5 -> 680010 | B66: Gough's Helm +5 | C66: =UpgradedProtectorStats!C228 -> 9 | D66: =UpgradedProtectorStats!D228 -> 38.75 | E66: =UpgradedProtectorStats!E228 -> 21.7 | F66: =UpgradedProtectorStats!F228 -> 32.55 | G66: =UpgradedProtectorStats!G228 -> 17.05 | H66: =UpgradedProtectorStats!D228*(1+(UpgradedProtectorStats!H228/100)) -> 40.6875 | I66: =UpgradedProtectorStats!D228*(1+(UpgradedProtectorStats!I228/100)) -> 38.75 | J66: =UpgradedProtectorStats!D228*(1+(UpgradedProtectorStats!J228/100)) -> 36.8125 | K66: =UpgradedProtectorStats!K228 -> 7.62 | L66: =UpgradedProtectorStats!L228 -> 7.62 | M66: =UpgradedProtectorStats!M228 -> 13.97 | N66: =UpgradedProtectorStats!N228 -> 0 | O66: =UpgradedProtectorStats!O228 -> 6.5 | P66: =UpgradedProtectorStats!P228 -> 450 | Q66: =UpgradedProtectorStats!Q228 -> -1 | S66: =C66/O66 -> 1.3846154 | T66: =D66/O66 -> 5.9615385 | U66: =E66/O66 -> 3.3384615 | V66: =F66/O66 -> 5.0076923 | W66: =G66/O66 -> 2.6230769 | X66: =H66/O66 -> 6.2596154 | Y66: =I66/O66 -> 5.9615385 | Z66: =J66/O66 -> 5.6634615 | AA66: =K66/O66 -> 1.1723077 | AB66: =M66/O66 -> 2.1492308
A67: =UpgradedProtectorStats!A232 -> 690000 | B67: Guardian Helm | C67: =UpgradedProtectorStats!C232 -> 15 | D67: =UpgradedProtectorStats!D232 -> 41 | E67: =UpgradedProtectorStats!E232 -> 23 | F67: =UpgradedProtectorStats!F232 -> 19 | G67: =UpgradedProtectorStats!G232 -> 23 | H67: =UpgradedProtectorStats!D232*(1+(UpgradedProtectorStats!H232/100)) -> 47.15 | I67: =UpgradedProtectorStats!D232*(1+(UpgradedProtectorStats!I232/100)) -> 38.54 | J67: =UpgradedProtectorStats!D232*(1+(UpgradedProtectorStats!J232/100)) -> 41 | K67: =UpgradedProtectorStats!K232 -> 6 | L67: =UpgradedProtectorStats!L232 -> 6 | M67: =UpgradedProtectorStats!M232 -> 17 | N67: =UpgradedProtectorStats!N232 -> 0 | O67: =UpgradedProtectorStats!O232 -> 7.2 | P67: =UpgradedProtectorStats!P232 -> 800 | Q67: =UpgradedProtectorStats!Q232 -> -1 | S67: =C67/O67 -> 2.0833333 | T67: =D67/O67 -> 5.6944444 | U67: =E67/O67 -> 3.1944444 | V67: =F67/O67 -> 2.6388889 | W67: =G67/O67 -> 3.1944444 | X67: =H67/O67 -> 6.5486111 | Y67: =I67/O67 -> 5.3527778 | Z67: =J67/O67 -> 5.6944444 | AA67: =K67/O67 -> 0.83333333 | AB67: =M67/O67 -> 2.3611111
A68: =UpgradedProtectorStats!A236+5 -> 700010 | B68: Snickering Top Hat +5 | C68: =UpgradedProtectorStats!C236 -> 0 | D68: =UpgradedProtectorStats!D236 -> 18.6 | E68: =UpgradedProtectorStats!E236 -> 20.15 | F68: =UpgradedProtectorStats!F236 -> 13.95 | G68: =UpgradedProtectorStats!G236 -> 18.6 | H68: =UpgradedProtectorStats!D236*(1+(UpgradedProtectorStats!H236/100)) -> 18.6 | I68: =UpgradedProtectorStats!D236*(1+(UpgradedProtectorStats!I236/100)) -> 25.11 | J68: =UpgradedProtectorStats!D236*(1+(UpgradedProtectorStats!J236/100)) -> 18.6 | K68: =UpgradedProtectorStats!K236 -> 17.78 | L68: =UpgradedProtectorStats!L236 -> 17.78 | M68: =UpgradedProtectorStats!M236 -> 24.13 | N68: =UpgradedProtectorStats!N236 -> 0 | O68: =UpgradedProtectorStats!O236 -> 2 | P68: =UpgradedProtectorStats!P236 -> 300 | Q68: =UpgradedProtectorStats!Q236 -> 0 | S68: =C68/O68 -> 0 | T68: =D68/O68 -> 9.3 | U68: =E68/O68 -> 10.075 | V68: =F68/O68 -> 6.975 | W68: =G68/O68 -> 9.3 | X68: =H68/O68 -> 9.3 | Y68: =I68/O68 -> 12.555 | Z68: =J68/O68 -> 9.3 | AA68: =K68/O68 -> 8.89 | AB68: =M68/O68 -> 12.065
A69: =UpgradedProtectorStats!A240 -> 710000 | B69: Bloated Head | C69: =UpgradedProtectorStats!C240 -> 0 | D69: =UpgradedProtectorStats!D240 -> 17 | E69: =UpgradedProtectorStats!E240 -> 17 | F69: =UpgradedProtectorStats!F240 -> 9 | G69: =UpgradedProtectorStats!G240 -> 11 | H69: =UpgradedProtectorStats!D240*(1+(UpgradedProtectorStats!H240/100)) -> 17 | I69: =UpgradedProtectorStats!D240*(1+(UpgradedProtectorStats!I240/100)) -> 17 | J69: =UpgradedProtectorStats!D240*(1+(UpgradedProtectorStats!J240/100)) -> 17 | K69: =UpgradedProtectorStats!K240 -> 32 | L69: =UpgradedProtectorStats!L240 -> 32 | M69: =UpgradedProtectorStats!M240 -> 16 | N69: =UpgradedProtectorStats!N240 -> 10 | O69: =UpgradedProtectorStats!O240 -> 2.5 | P69: =UpgradedProtectorStats!P240 -> 150 | Q69: =UpgradedProtectorStats!Q240 -> 0 | S69: =C69/O69 -> 0 | T69: =D69/O69 -> 6.8 | U69: =E69/O69 -> 6.8 | V69: =F69/O69 -> 3.6 | W69: =G69/O69 -> 4.4 | X69: =H69/O69 -> 6.8 | Y69: =I69/O69 -> 6.8 | Z69: =J69/O69 -> 6.8 | AA69: =K69/O69 -> 12.8 | AB69: =M69/O69 -> 6.4
A70: =UpgradedProtectorStats!A241 -> 720000 | B70: Bloated Sorcerer Head | C70: =UpgradedProtectorStats!C241 -> 0 | D70: =UpgradedProtectorStats!D241 -> 14 | E70: =UpgradedProtectorStats!E241 -> 22 | F70: =UpgradedProtectorStats!F241 -> 9 | G70: =UpgradedProtectorStats!G241 -> 13 | H70: =UpgradedProtectorStats!D241*(1+(UpgradedProtectorStats!H241/100)) -> 14 | I70: =UpgradedProtectorStats!D241*(1+(UpgradedProtectorStats!I241/100)) -> 14 | J70: =UpgradedProtectorStats!D241*(1+(UpgradedProtectorStats!J241/100)) -> 14 | K70: =UpgradedProtectorStats!K241 -> 38 | L70: =UpgradedProtectorStats!L241 -> 38 | M70: =UpgradedProtectorStats!M241 -> 8 | N70: =UpgradedProtectorStats!N241 -> 15 | O70: =UpgradedProtectorStats!O241 -> 2.2 | P70: =UpgradedProtectorStats!P241 -> 150 | Q70: =UpgradedProtectorStats!Q241 -> 0 | S70: =C70/O70 -> 0 | T70: =D70/O70 -> 6.3636364 | U70: =E70/O70 -> 10 | V70: =F70/O70 -> 4.0909091 | W70: =G70/O70 -> 5.9090909 | X70: =H70/O70 -> 6.3636364 | Y70: =I70/O70 -> 6.3636364 | Z70: =J70/O70 -> 6.3636364 | AA70: =K70/O70 -> 17.272727 | AB70: =M70/O70 -> 3.6363636
A71: =UpgradedProtectorStats!A243 -> 900000 | B71: Head | C71: =UpgradedProtectorStats!C243 -> 0 | D71: =UpgradedProtectorStats!D243 -> 0 | E71: =UpgradedProtectorStats!E243 -> 0 | F71: =UpgradedProtectorStats!F243 -> 0 | G71: =UpgradedProtectorStats!G243 -> 0 | H71: =UpgradedProtectorStats!D243*(1+(UpgradedProtectorStats!H243/100)) -> 0 | I71: =UpgradedProtectorStats!D243*(1+(UpgradedProtectorStats!I243/100)) -> 0 | J71: =UpgradedProtectorStats!D243*(1+(UpgradedProtectorStats!J243/100)) -> 0 | K71: =UpgradedProtectorStats!K243 -> 0 | L71: =UpgradedProtectorStats!L243 -> 0 | M71: =UpgradedProtectorStats!M243 -> 0 | N71: =UpgradedProtectorStats!N243 -> 0 | O71: =UpgradedProtectorStats!O243 -> 0 | P71: =UpgradedProtectorStats!P243 -> 0 | Q71: =UpgradedProtectorStats!Q243 -> 0 | S71: =C71/O71 -> #DIV/0! | T71: =D71/O71 -> #DIV/0! | U71: =E71/O71 -> #DIV/0! | V71: =F71/O71 -> #DIV/0! | W71: =G71/O71 -> #DIV/0! | X71: =H71/O71 -> #DIV/0! | Y71: =I71/O71 -> #DIV/0! | Z71: =J71/O71 -> #DIV/0! | AA71: =K71/O71 -> #DIV/0! | AB71: =M71/O71 -> #DIV/0!
A72: =UpgradedProtectorStats!A247 -> 950000 | B72: No Travel Gear / Head | C72: =UpgradedProtectorStats!C247 -> 0 | D72: =UpgradedProtectorStats!D247 -> 0 | E72: =UpgradedProtectorStats!E247 -> 0 | F72: =UpgradedProtectorStats!F247 -> 0 | G72: =UpgradedProtectorStats!G247 -> 0 | H72: =UpgradedProtectorStats!D247*(1+(UpgradedProtectorStats!H247/100)) -> 0 | I72: =UpgradedProtectorStats!D247*(1+(UpgradedProtectorStats!I247/100)) -> 0 | J72: =UpgradedProtectorStats!D247*(1+(UpgradedProtectorStats!J247/100)) -> 0 | K72: =UpgradedProtectorStats!K247 -> 0 | L72: =UpgradedProtectorStats!L247 -> 0 | M72: =UpgradedProtectorStats!M247 -> 0 | N72: =UpgradedProtectorStats!N247 -> 0 | O72: =UpgradedProtectorStats!O247 -> 0 | P72: =UpgradedProtectorStats!P247 -> 10 | Q72: =UpgradedProtectorStats!Q247 -> 0 | S72: =C72/O72 -> #DIV/0! | T72: =D72/O72 -> #DIV/0! | U72: =E72/O72 -> #DIV/0! | V72: =F72/O72 -> #DIV/0! | W72: =G72/O72 -> #DIV/0! | X72: =H72/O72 -> #DIV/0! | Y72: =I72/O72 -> #DIV/0! | Z72: =J72/O72 -> #DIV/0! | AA72: =K72/O72 -> #DIV/0! | AB72: =M72/O72 -> #DIV/0!
A73: =UpgradedProtectorStats!A251 -> 1000000 | B73: Dragon Head | C73: =UpgradedProtectorStats!C251 -> 0 | D73: =UpgradedProtectorStats!D251 -> 0 | E73: =UpgradedProtectorStats!E251 -> 0 | F73: =UpgradedProtectorStats!F251 -> 0 | G73: =UpgradedProtectorStats!G251 -> 0 | H73: =UpgradedProtectorStats!D251*(1+(UpgradedProtectorStats!H251/100)) -> 0 | I73: =UpgradedProtectorStats!D251*(1+(UpgradedProtectorStats!I251/100)) -> 0 | J73: =UpgradedProtectorStats!D251*(1+(UpgradedProtectorStats!J251/100)) -> 0 | K73: =UpgradedProtectorStats!K251 -> 0 | L73: =UpgradedProtectorStats!L251 -> 0 | M73: =UpgradedProtectorStats!M251 -> 0 | N73: =UpgradedProtectorStats!N251 -> 0 | O73: =UpgradedProtectorStats!O251 -> 0 | P73: =UpgradedProtectorStats!P251 -> 0 | Q73: =UpgradedProtectorStats!Q251 -> 0 | S73: =C73/O73 -> #DIV/0! | T73: =D73/O73 -> #DIV/0! | U73: =E73/O73 -> #DIV/0! | V73: =F73/O73 -> #DIV/0! | W73: =G73/O73 -> #DIV/0! | X73: =H73/O73 -> #DIV/0! | Y73: =I73/O73 -> #DIV/0! | Z73: =J73/O73 -> #DIV/0! | AA73: =K73/O73 -> #DIV/0! | AB73: =M73/O73 -> #DIV/0!
A74: =UpgradedProtectorStats!A255 -> 1010000 | B74: Egg | C74: =UpgradedProtectorStats!C255 -> 0 | D74: =UpgradedProtectorStats!D255 -> 0 | E74: =UpgradedProtectorStats!E255 -> 0 | F74: =UpgradedProtectorStats!F255 -> 0 | G74: =UpgradedProtectorStats!G255 -> 0 | H74: =UpgradedProtectorStats!D255*(1+(UpgradedProtectorStats!H255/100)) -> 0 | I74: =UpgradedProtectorStats!D255*(1+(UpgradedProtectorStats!I255/100)) -> 0 | J74: =UpgradedProtectorStats!D255*(1+(UpgradedProtectorStats!J255/100)) -> 0 | K74: =UpgradedProtectorStats!K255 -> 0 | L74: =UpgradedProtectorStats!L255 -> 0 | M74: =UpgradedProtectorStats!M255 -> 0 | N74: =UpgradedProtectorStats!N255 -> 0 | O74: =UpgradedProtectorStats!O255 -> 0 | P74: =UpgradedProtectorStats!P255 -> 0 | Q74: =UpgradedProtectorStats!Q255 -> 0 | S74: =C74/O74 -> #DIV/0! | T74: =D74/O74 -> #DIV/0! | U74: =E74/O74 -> #DIV/0! | V74: =F74/O74 -> #DIV/0! | W74: =G74/O74 -> #DIV/0! | X74: =H74/O74 -> #DIV/0! | Y74: =I74/O74 -> #DIV/0! | Z74: =J74/O74 -> #DIV/0! | AA74: =K74/O74 -> #DIV/0! | AB74: =M74/O74 -> #DIV/0!
A75: =UpgradedProtectorStats!A256 -> 1020000 | B75: Hatched Egg | C75: =UpgradedProtectorStats!C256 -> 0 | D75: =UpgradedProtectorStats!D256 -> 0 | E75: =UpgradedProtectorStats!E256 -> 0 | F75: =UpgradedProtectorStats!F256 -> 0 | G75: =UpgradedProtectorStats!G256 -> 0 | H75: =UpgradedProtectorStats!D256*(1+(UpgradedProtectorStats!H256/100)) -> 0 | I75: =UpgradedProtectorStats!D256*(1+(UpgradedProtectorStats!I256/100)) -> 0 | J75: =UpgradedProtectorStats!D256*(1+(UpgradedProtectorStats!J256/100)) -> 0 | K75: =UpgradedProtectorStats!K256 -> 0 | L75: =UpgradedProtectorStats!L256 -> 0 | M75: =UpgradedProtectorStats!M256 -> 0 | N75: =UpgradedProtectorStats!N256 -> 0 | O75: =UpgradedProtectorStats!O256 -> 0 | P75: =UpgradedProtectorStats!P256 -> 0 | Q75: =UpgradedProtectorStats!Q256 -> 0 | S75: =C75/O75 -> #DIV/0! | T75: =D75/O75 -> #DIV/0! | U75: =E75/O75 -> #DIV/0! | V75: =F75/O75 -> #DIV/0! | W75: =G75/O75 -> #DIV/0! | X75: =H75/O75 -> #DIV/0! | Y75: =I75/O75 -> #DIV/0! | Z75: =J75/O75 -> #DIV/0! | AA75: =K75/O75 -> #DIV/0! | AB75: =M75/O75 -> #DIV/0!

Sheet Armor
A1: ID | B1: Name | C1: Poise | D1: physDef | E1: magDef | F1: fireDef | G1: litngDef | H1: slashDef | I1: blowDef | J1: thrustDef | K1: poisonRes | L1: toxicRes | M1: bleedRes | N1: curseRes | O1: Weight | P1: Durability | Q1: RegPenalty | S1: Poise/Weight | T1: physDef/Weight | U1: magDef/Weight | V1: fireDef/Weight | W1: lingDef/Weight | X1: slash/Weight | Y1: blow/Weight | Z1: thrust/Weight | AA1: poison/Weight | AB1: bleed/Weight
A2: =UpgradedProtectorStats!A3+5 -> 11010 | B2: Catarina Armor +5 | C2: =UpgradedProtectorStats!C3 -> 21 | D2: =UpgradedProtectorStats!D3 -> 88.35 | E2: =UpgradedProtectorStats!E3 -> 48.05 | F2: =UpgradedProtectorStats!F3 -> 57.35 | G2: =UpgradedProtectorStats!G3 -> 29.45 | H2: =UpgradedProtectorStats!D3*(1+(UpgradedProtectorStats!H3/100)) -> 101.6025 | I2: =UpgradedProtectorStats!D3*(1+(UpgradedProtectorStats!I3/100)) -> 87.4665 | J2: =UpgradedProtectorStats!D3*(1+(UpgradedProtectorStats!J3/100)) -> 88.35 | K2: =UpgradedProtectorStats!K3 -> 30.48 | L2: =UpgradedProtectorStats!L3 -> 30.48 | M2: =UpgradedProtectorStats!M3 -> 43.18 | N2: =UpgradedProtectorStats!N3 -> 0 | O2: =UpgradedProtectorStats!O3 -> 11.7 | P2: =UpgradedProtectorStats!P3 -> 400 | Q2: =UpgradedProtectorStats!Q3 -> -1 | S2: =C2/O2 -> 1.7948718 | T2: =D2/O2 -> 7.5512821 | U2: =E2/O2 -> 4.1068376 | V2: =F2/O2 -> 4.9017094 | W2: =G2/O2 -> 2.517094 | X2: =H2/O2 -> 8.6839744 | Y2: =I2/O2 -> 7.4757692 | Z2: =J2/O2 -> 7.5512821 | AA2: =K2/O2 -> 2.6051282 | AB2: =M2/O2 -> 3.6905983
A3: =UpgradedProtectorStats!A7+5 -> 21010 | B3: Paladin Armor +5 | C3: =UpgradedProtectorStats!C7 -> 20 | D3: =UpgradedProtectorStats!D7 -> 91.45 | E3: =UpgradedProtectorStats!E7 -> 48.05 | F3: =UpgradedProtectorStats!F7 -> 57.35 | G3: =UpgradedProtectorStats!G7 -> 29.45 | H3: =UpgradedProtectorStats!D7*(1+(UpgradedProtectorStats!H7/100)) -> 105.1675 | I3: =UpgradedProtectorStats!D7*(1+(UpgradedProtectorStats!I7/100)) -> 86.8775 | J3: =UpgradedProtectorStats!D7*(1+(UpgradedProtectorStats!J7/100)) -> 91.45 | K3: =UpgradedProtectorStats!K7 -> 30.48 | L3: =UpgradedProtectorStats!L7 -> 30.48 | M3: =UpgradedProtectorStats!M7 -> 43.18 | N3: =UpgradedProtectorStats!N7 -> 72.39 | O3: =UpgradedProtectorStats!O7 -> 12.9 | P3: =UpgradedProtectorStats!P7 -> 500 | Q3: =UpgradedProtectorStats!Q7 -> -1 | S3: =C3/O3 -> 1.5503876 | T3: =D3/O3 -> 7.0891473 | U3: =E3/O3 -> 3.7248062 | V3: =F3/O3 -> 4.4457364 | W3: =G3/O3 -> 2.2829457 | X3: =H3/O3 -> 8.1525194 | Y3: =I3/O3 -> 6.7346899 | Z3: =J3/O3 -> 7.0891473 | AA3: =K3/O3 -> 2.3627907 | AB3: =M3/O3 -> 3.3472868
A4: =UpgradedProtectorStats!A11+5 -> 41010 | B4: Dark Armor +5 | C4: =UpgradedProtectorStats!C11 -> 16 | D4: =UpgradedProtectorStats!D11 -> 69.75 | E4: =UpgradedProtectorStats!E11 -> 46.5 | F4: =UpgradedProtectorStats!F11 -> 48.05 | G4: =UpgradedProtectorStats!G11 -> 41.85 | H4: =UpgradedProtectorStats!D11*(1+(UpgradedProtectorStats!H11/100)) -> 76.725 | I4: =UpgradedProtectorStats!D11*(1+(UpgradedProtectorStats!I11/100)) -> 69.75 | J4: =UpgradedProtectorStats!D11*(1+(UpgradedProtectorStats!J11/100)) -> 65.565 | K4: =UpgradedProtectorStats!K11 -> 26.67 | L4: =UpgradedProtectorStats!L11 -> 26.67 | M4: =UpgradedProtectorStats!M11 -> 38.1 | N4: =UpgradedProtectorStats!N11 -> 0 | O4: =UpgradedProtectorStats!O11 -> 9.8 | P4: =UpgradedProtectorStats!P11 -> 300 | Q4: =UpgradedProtectorStats!Q11 -> 0 | S4: =C4/O4 -> 1.6326531 | T4: =D4/O4 -> 7.1173469 | U4: =E4/O4 -> 4.744898 | V4: =F4/O4 -> 4.9030612 | W4: =G4/O4 -> 4.2704082 | X4: =H4/O4 -> 7.8290816 | Y4: =I4/O4 -> 7.1173469 | Z4: =J4/O4 -> 6.6903061 | AA4: =K4/O4 -> 2.7214286 | AB4: =M4/O4 -> 3.8877551
A5: =UpgradedProtectorStats!A15+10 -> 51020 | B5: Brigand Armor +10 | C5: =UpgradedProtectorStats!C15 -> 0 | D5: =UpgradedProtectorStats!D15 -> 55.66 | E5: =UpgradedProtectorStats!E15 -> 48.4 | F5: =UpgradedProtectorStats!F15 -> 31.46 | G5: =UpgradedProtectorStats!G15 -> 41.14 | H5: =UpgradedProtectorStats!D15*(1+(UpgradedProtectorStats!H15/100)) -> 55.66 | I5: =UpgradedProtectorStats!D15*(1+(UpgradedProtectorStats!I15/100)) -> 61.226 | J5: =UpgradedProtectorStats!D15*(1+(UpgradedProtectorStats!J15/100)) -> 50.094 | K5: =UpgradedProtectorStats!K15 -> 28 | L5: =UpgradedProtectorStats!L15 -> 28 | M5: =UpgradedProtectorStats!M15 -> 28 | N5: =UpgradedProtectorStats!N15 -> 0 | O5: =UpgradedProtectorStats!O15 -> 3.1 | P5: =UpgradedProtectorStats!P15 -> 200 | Q5: =UpgradedProtectorStats!Q15 -> 0 | S5: =C5/O5 -> 0 | T5: =D5/O5 -> 17.954839 | U5: =E5/O5 -> 15.612903 | V5: =F5/O5 -> 10.148387 | W5: =G5/O5 -> 13.270968 | X5: =H5/O5 -> 17.954839 | Y5: =I5/O5 -> 19.750323 | Z5: =J5/O5 -> 16.159355 | AA5: =K5/O5 -> 9.0322581 | AB5: =M5/O5 -> 9.0322581
A6: =UpgradedProtectorStats!A19+5 -> 61010 | B6: Shadow Garb +5 | C6: =UpgradedProtectorStats!C19 -> 0 | D6: =UpgradedProtectorStats!D19 -> 55.66 | E6: =UpgradedProtectorStats!E19 -> 29.04 | F6: =UpgradedProtectorStats!F19 -> 38.72 | G6: =UpgradedProtectorStats!G19 -> 41.14 | H6: =UpgradedProtectorStats!D19*(1+(UpgradedProtectorStats!H19/100)) -> 55.66 | I6: =UpgradedProtectorStats!D19*(1+(UpgradedProtectorStats!I19/100)) -> 61.226 | J6: =UpgradedProtectorStats!D19*(1+(UpgradedProtectorStats!J19/100)) -> 55.66 | K6: =UpgradedProtectorStats!K19 -> 65.8 | L6: =UpgradedProtectorStats!L19 -> 65.8 | M6: =UpgradedProtectorStats!M19 -> 54.6 | N6: =UpgradedProtectorStats!N19 -> 0 | O6: =UpgradedProtectorStats!O19 -> 2.3 | P6: =UpgradedProtectorStats!P19 -> 200 | Q6: =UpgradedProtectorStats!Q19 -> 0 | S6: =C6/O6 -> 0 | T6: =D6/O6 -> 24.2 | U6: =E6/O6 -> 12.626087 | V6: =F6/O6 -> 16.834783 | W6: =G6/O6 -> 17.886957 | X6: =H6/O6 -> 24.2 | Y6: =I6/O6 -> 26.62 | Z6: =J6/O6 -> 24.2 | AA6: =K6/O6 -> 28.608696 | AB6: =M6/O6 -> 23.73913
A7: =UpgradedProtectorStats!A23+5 -> 71010 | B7: Black Iron Armor +5 | C7: =UpgradedProtectorStats!C23 -> 31 | D7: =UpgradedProtectorStats!D23 -> 164.56 | E7: =UpgradedProtectorStats!E23 -> 72.6 | F7: =UpgradedProtectorStats!F23 -> 123.42 | G7: =UpgradedProtectorStats!G23 -> 50.82 | H7: =UpgradedProtectorStats!D23*(1+(UpgradedProtectorStats!H23/100)) -> 189.244 | I7: =UpgradedProtectorStats!D23*(1+(UpgradedProtectorStats!I23/100)) -> 156.332 | J7: =UpgradedProtectorStats!D23*(1+(UpgradedProtectorStats!J23/100)) -> 164.56 | K7: =UpgradedProtectorStats!K23 -> 35 | L7: =UpgradedProtectorStats!L23 -> 35 | M7: =UpgradedProtectorStats!M23 -> 60.2 | N7: =UpgradedProtectorStats!N23 -> 18.2 | O7: =UpgradedProtectorStats!O23 -> 15.6 | P7: =UpgradedProtectorStats!P23 -> 600 | Q7: =UpgradedProtectorStats!Q23 -> -2 | S7: =C7/O7 -> 1.9871795 | T7: =D7/O7 -> 10.548718 | U7: =E7/O7 -> 4.6538462 | V7: =F7/O7 -> 7.9115385 | W7: =G7/O7 -> 3.2576923 | X7: =H7/O7 -> 12.131026 | Y7: =I7/O7 -> 10.021282 | Z7: =J7/O7 -> 10.548718 | AA7: =K7/O7 -> 2.2435897 | AB7: =M7/O7 -> 3.8589744
A8: =UpgradedProtectorStats!A27 -> 81000 | B8: Smough's Armor | C8: =UpgradedProtectorStats!C27 -> 35 | D8: =UpgradedProtectorStats!D27 -> 106 | E8: =UpgradedProtectorStats!E27 -> 52 | F8: =UpgradedProtectorStats!F27 -> 66 | G8: =UpgradedProtectorStats!G27 -> 59 | H8: =UpgradedProtectorStats!D27*(1+(UpgradedProtectorStats!H27/100)) -> 121.9 | I8: =UpgradedProtectorStats!D27*(1+(UpgradedProtectorStats!I27/100)) -> 92.22 | J8: =UpgradedProtectorStats!D27*(1+(UpgradedProtectorStats!J27/100)) -> 106 | K8: =UpgradedProtectorStats!K27 -> 28 | L8: =UpgradedProtectorStats!L27 -> 28 | M8: =UpgradedProtectorStats!M27 -> 54 | N8: =UpgradedProtectorStats!N27 -> 9 | O8: =UpgradedProtectorStats!O27 -> 17.6 | P8: =UpgradedProtectorStats!P27 -> 700 | Q8: =UpgradedProtectorStats!Q27 -> -2 | S8: =C8/O8 -> 1.9886364 | T8: =D8/O8 -> 6.0227273 | U8: =E8/O8 -> 2.9545455 | V8: =F8/O8 -> 3.75 | W8: =G8/O8 -> 3.3522727 | X8: =H8/O8 -> 6.9261364 | Y8: =I8/O8 -> 5.2397727 | Z8: =J8/O8 -> 6.0227273 | AA8: =K8/O8 -> 1.5909091 | AB8: =M8/O8 -> 3.0681818
A9: =UpgradedProtectorStats!A31 -> 91000 | B9: Robe of the Channelers | C9: =UpgradedProtectorStats!C31 -> 12 | D9: =UpgradedProtectorStats!D31 -> 53 | E9: =UpgradedProtectorStats!E31 -> 45 | F9: =UpgradedProtectorStats!F31 -> 45 | G9: =UpgradedProtectorStats!G31 -> 35 | H9: =UpgradedProtectorStats!D31*(1+(UpgradedProtectorStats!H31/100)) -> 60.42 | I9: =UpgradedProtectorStats!D31*(1+(UpgradedProtectorStats!I31/100)) -> 50.88 | J9: =UpgradedProtectorStats!D31*(1+(UpgradedProtectorStats!J31/100)) -> 53 | K9: =UpgradedProtectorStats!K31 -> 33 | L9: =UpgradedProtectorStats!L31 -> 33 | M9: =UpgradedProtectorStats!M31 -> 38 | N9: =UpgradedProtectorStats!N31 -> 0 | O9: =UpgradedProtectorStats!O31 -> 10.1 | P9: =UpgradedProtectorStats!P31 -> 300 | Q9: =UpgradedProtectorStats!Q31 -> 0 | S9: =C9/O9 -> 1.1881188 | T9: =D9/O9 -> 5.2475248 | U9: =E9/O9 -> 4.4554455 | V9: =F9/O9 -> 4.4554455 | W9: =G9/O9 -> 3.4653465 | X9: =H9/O9 -> 5.9821782 | Y9: =I9/O9 -> 5.0376238 | Z9: =J9/O9 -> 5.2475248 | AA9: =K9/O9 -> 3.2673267 | AB9: =M9/O9 -> 3.7623762
A10: =UpgradedProtectorStats!A35+5 -> 101010 | B10: Embraced Armor of Favor +5 | C10: =UpgradedProtectorStats!C35 -> 20 | D10: =UpgradedProtectorStats!D35 -> 74.4 | E10: =UpgradedProtectorStats!E35 -> 35.65 | F10: =UpgradedProtectorStats!F35 -> 46.5 | G10: =UpgradedProtectorStats!G35 -> 29.45 | H10: =UpgradedProtectorStats!D35*(1+(UpgradedProtectorStats!H35/100)) -> 86.304 | I10: =UpgradedProtectorStats!D35*(1+(UpgradedProtectorStats!I35/100)) -> 70.68 | J10: =UpgradedProtectorStats!D35*(1+(UpgradedProtectorStats!J35/100)) -> 74.4 | K10: =UpgradedProtectorStats!K35 -> 27.94 | L10: =UpgradedProtectorStats!L35 -> 27.94 | M10: =UpgradedProtectorStats!M35 -> 35.56 | N10: =UpgradedProtectorStats!N35 -> 27.94 | O10: =UpgradedProtectorStats!O35 -> 11.7 | P10: =UpgradedProtectorStats!P35 -> 500 | Q10: =UpgradedProtectorStats!Q35 -> 0 | S10: =C10/O10 -> 1.7094017 | T10: =D10/O10 -> 6.3589744 | U10: =E10/O10 -> 3.0470085 | V10: =F10/O10 -> 3.974359 | W10: =G10/O10 -> 2.517094 | X10: =H10/O10 -> 7.3764103 | Y10: =I10/O10 -> 6.0410256 | Z10: =J10/O10 -> 6.3589744 | AA10: =K10/O10 -> 2.3880342 | AB10: =M10/O10 -> 3.0393162
A11: =UpgradedProtectorStats!A39 -> 111000 | B11: Armor of the Glorious | C11: =UpgradedProtectorStats!C39 -> 20 | D11: =UpgradedProtectorStats!D39 -> 47 | E11: =UpgradedProtectorStats!E39 -> 31 | F11: =UpgradedProtectorStats!F39 -> 34 | G11: =UpgradedProtectorStats!G39 -> 25 | H11: =UpgradedProtectorStats!D39*(1+(UpgradedProtectorStats!H39/100)) -> 54.05 | I11: =UpgradedProtectorStats!D39*(1+(UpgradedProtectorStats!I39/100)) -> 44.65 | J11: =UpgradedProtectorStats!D39*(1+(UpgradedProtectorStats!J39/100)) -> 47 | K11: =UpgradedProtectorStats!K39 -> 19 | L11: =UpgradedProtectorStats!L39 -> 19 | M11: =UpgradedProtectorStats!M39 -> 28 | N11: =UpgradedProtectorStats!N39 -> 24 | O11: =UpgradedProtectorStats!O39 -> 13.3 | P11: =UpgradedProtectorStats!P39 -> 500 | Q11: =UpgradedProtectorStats!Q39 -> -1 | S11: =C11/O11 -> 1.5037594 | T11: =D11/O11 -> 3.5338346 | U11: =E11/O11 -> 2.3308271 | V11: =F11/O11 -> 2.556391 | W11: =G11/O11 -> 1.8796992 | X11: =H11/O11 -> 4.0639098 | Y11: =I11/O11 -> 3.3571429 | Z11: =J11/O11 -> 3.5338346 | AA11: =K11/O11 -> 1.4285714 | AB11: =M11/O11 -> 2.1052632
A12: =UpgradedProtectorStats!A43 -> 121000 | B12: Stone Armor | C12: =UpgradedProtectorStats!C43 -> 39 | D12: =UpgradedProtectorStats!D43 -> 91 | E12: =UpgradedProtectorStats!E43 -> 45 | F12: =UpgradedProtectorStats!F43 -> 54 | G12: =UpgradedProtectorStats!G43 -> 54 | H12: =UpgradedProtectorStats!D43*(1+(UpgradedProtectorStats!H43/100)) -> 104.65 | I12: =UpgradedProtectorStats!D43*(1+(UpgradedProtectorStats!I43/100)) -> 85.54 | J12: =UpgradedProtectorStats!D43*(1+(UpgradedProtectorStats!J43/100)) -> 91 | K12: =UpgradedProtectorStats!K43 -> 16 | L12: =UpgradedProtectorStats!L43 -> 16 | M12: =UpgradedProtectorStats!M43 -> 45 | N12: =UpgradedProtectorStats!N43 -> 0 | O12: =UpgradedProtectorStats!O43 -> 17.6 | P12: =UpgradedProtectorStats!P43 -> 800 | Q12: =UpgradedProtectorStats!Q43 -> -2 | S12: =C12/O12 -> 2.2159091 | T12: =D12/O12 -> 5.1704545 | U12: =E12/O12 -> 2.5568182 | V12: =F12/O12 -> 3.0681818 | W12: =G12/O12 -> 3.0681818 | X12: =H12/O12 -> 5.9460227 | Y12: =I12/O12 -> 4.8602273 | Z12: =J12/O12 -> 5.1704545 | AA12: =K12/O12 -> 0.90909091 | AB12: =M12/O12 -> 2.5568182
A13: =UpgradedProtectorStats!A47 -> 131000 | B13: Crystalline Armor | C13: =UpgradedProtectorStats!C47 -> 16 | D13: =UpgradedProtectorStats!D47 -> 59 | E13: =UpgradedProtectorStats!E47 -> 21 | F13: =UpgradedProtectorStats!F47 -> 15 | G13: =UpgradedProtectorStats!G47 -> 7 | H13: =UpgradedProtectorStats!D47*(1+(UpgradedProtectorStats!H47/100)) -> 67.85 | I13: =UpgradedProtectorStats!D47*(1+(UpgradedProtectorStats!I47/100)) -> 50.15 | J13: =UpgradedProtectorStats!D47*(1+(UpgradedProtectorStats!J47/100)) -> 59 | K13: =UpgradedProtectorStats!K47 -> 0 | L13: =UpgradedProtectorStats!L47 -> 0 | M13: =UpgradedProtectorStats!M47 -> 15 | N13: =UpgradedProtectorStats!N47 -> 0 | O13: =UpgradedProtectorStats!O47 -> 10.9 | P13: =UpgradedProtectorStats!P47 -> 150 | Q13: =UpgradedProtectorStats!Q47 -> 0 | S13: =C13/O13 -> 1.4678899 | T13: =D13/O13 -> 5.412844 | U13: =E13/O13 -> 1.9266055 | V13: =F13/O13 -> 1.3761468 | W13: =G13/O13 -> 0.64220183 | X13: =H13/O13 -> 6.2247706 | Y13: =I13/O13 -> 4.6009174 | Z13: =J13/O13 -> 5.412844 | AA13: =K13/O13 -> 0 | AB13: =M13/O13 -> 1.3761468
A14: =UpgradedProtectorStats!A51+5 -> 141010 | B14: Crimson Robe +5 | C14: =UpgradedProtectorStats!C51 -> 0 | D14: =UpgradedProtectorStats!D51 -> 49.6 | E14: =UpgradedProtectorStats!E51 -> 51.15 | F14: =UpgradedProtectorStats!F51 -> 29.45 | G14: =UpgradedProtectorStats!G51 -> 37.2 | H14: =UpgradedProtectorStats!D51*(1+(UpgradedProtectorStats!H51/100)) -> 49.6 | I14: =UpgradedProtectorStats!D51*(1+(UpgradedProtectorStats!I51/100)) -> 54.56 | J14: =UpgradedProtectorStats!D51*(1+(UpgradedProtectorStats!J51/100)) -> 49.6 | K14: =UpgradedProtectorStats!K51 -> 26.67 | L14: =UpgradedProtectorStats!L51 -> 26.67 | M14: =UpgradedProtectorStats!M51 -> 26.67 | N14: =UpgradedProtectorStats!N51 -> 26.67 | O14: =UpgradedProtectorStats!O51 -> 3.9 | P14: =UpgradedProtectorStats!P51 -> 400 | Q14: =UpgradedProtectorStats!Q51 -> 0 | S14: =C14/O14 -> 0 | T14: =D14/O14 -> 12.717949 | U14: =E14/O14 -> 13.115385 | V14: =F14/O14 -> 7.5512821 | W14: =G14/O14 -> 9.5384615 | X14: =H14/O14 -> 12.717949 | Y14: =I14/O14 -> 13.989744 | Z14: =J14/O14 -> 12.717949 | AA14: =K14/O14 -> 6.8384615 | AB14: =M14/O14 -> 6.8384615
A15: =UpgradedProtectorStats!A55+5 -> 151010 | B15: Black Cleric Robe +5 | C15: =UpgradedProtectorStats!C55 -> 0 | D15: =UpgradedProtectorStats!D55 -> 35.65 | E15: =UpgradedProtectorStats!E55 -> 44.95 | F15: =UpgradedProtectorStats!F55 -> 38.75 | G15: =UpgradedProtectorStats!G55 -> 29.45 | H15: =UpgradedProtectorStats!D55*(1+(UpgradedProtectorStats!H55/100)) -> 35.65 | I15: =UpgradedProtectorStats!D55*(1+(UpgradedProtectorStats!I55/100)) -> 38.8585 | J15: =UpgradedProtectorStats!D55*(1+(UpgradedProtectorStats!J55/100)) -> 35.65 | K15: =UpgradedProtectorStats!K55 -> 27.94 | L15: =UpgradedProtectorStats!L55 -> 27.94 | M15: =UpgradedProtectorStats!M55 -> 27.94 | N15: =UpgradedProtectorStats!N55 -> 16.51 | O15: =UpgradedProtectorStats!O55 -> 3.9 | P15: =UpgradedProtectorStats!P55 -> 400 | Q15: =UpgradedProtectorStats!Q55 -> 0 | S15: =C15/O15 -> 0 | T15: =D15/O15 -> 9.1410256 | U15: =E15/O15 -> 11.525641 | V15: =F15/O15 -> 9.9358974 | W15: =G15/O15 -> 7.5512821 | X15: =H15/O15 -> 9.1410256 | Y15: =I15/O15 -> 9.9637179 | Z15: =J15/O15 -> 9.1410256 | AA15: =K15/O15 -> 7.1641026 | AB15: =M15/O15 -> 7.1641026
A16: =UpgradedProtectorStats!A59+10 -> 161020 | B16: Armor of the Sun +10 | C16: =UpgradedProtectorStats!C59 -> 16 | D16: =UpgradedProtectorStats!D59 -> 84.7 | E16: =UpgradedProtectorStats!E59 -> 50.82 | F16: =UpgradedProtectorStats!F59 -> 50.82 | G16: =UpgradedProtectorStats!G59 -> 45.98 | H16: =UpgradedProtectorStats!D59*(1+(UpgradedProtectorStats!H59/100)) -> 84.7 | I16: =UpgradedProtectorStats!D59*(1+(UpgradedProtectorStats!I59/100)) -> 84.7 | J16: =UpgradedProtectorStats!D59*(1+(UpgradedProtectorStats!J59/100)) -> 83.006 | K16: =UpgradedProtectorStats!K59 -> 22.4 | L16: =UpgradedProtectorStats!L59 -> 22.4 | M16: =UpgradedProtectorStats!M59 -> 32.2 | N16: =UpgradedProtectorStats!N59 -> 14 | O16: =UpgradedProtectorStats!O59 -> 9 | P16: =UpgradedProtectorStats!P59 -> 350 | Q16: =UpgradedProtectorStats!Q59 -> 0 | S16: =C16/O16 -> 1.7777778 | T16: =D16/O16 -> 9.4111111 | U16: =E16/O16 -> 5.6466667 | V16: =F16/O16 -> 5.6466667 | W16: =G16/O16 -> 5.1088889 | X16: =H16/O16 -> 9.4111111 | Y16: =I16/O16 -> 9.4111111 | Z16: =J16/O16 -> 9.2228889 | AA16: =K16/O16 -> 2.4888889 | AB16: =M16/O16 -> 3.5777778
A17: =UpgradedProtectorStats!A63+10 -> 171020 | B17: Chain Armor +10 | C17: =UpgradedProtectorStats!C63 -> 9 | D17: =UpgradedProtectorStats!D63 -> 72.6 | E17: =UpgradedProtectorStats!E63 -> 50.82 | F17: =UpgradedProtectorStats!F63 -> 38.72 | G17: =UpgradedProtectorStats!G63 -> 16.94 | H17: =UpgradedProtectorStats!D63*(1+(UpgradedProtectorStats!H63/100)) -> 87.12 | I17: =UpgradedProtectorStats!D63*(1+(UpgradedProtectorStats!I63/100)) -> 72.6 | J17: =UpgradedProtectorStats!D63*(1+(UpgradedProtectorStats!J63/100)) -> 70.422 | K17: =UpgradedProtectorStats!K63 -> 16.8 | L17: =UpgradedProtectorStats!L63 -> 16.8 | M17: =UpgradedProtectorStats!M63 -> 28 | N17: =UpgradedProtectorStats!N63 -> 0 | O17: =UpgradedProtectorStats!O63 -> 6 | P17: =UpgradedProtectorStats!P63 -> 300 | Q17: =UpgradedProtectorStats!Q63 -> 0 | S17: =C17/O17 -> 1.5 | T17: =D17/O17 -> 12.1 | U17: =E17/O17 -> 8.47 | V17: =F17/O17 -> 6.4533333 | W17: =G17/O17 -> 2.8233333 | X17: =H17/O17 -> 14.52 | Y17: =I17/O17 -> 12.1 | Z17: =J17/O17 -> 11.737 | AA17: =K17/O17 -> 2.8 | AB17: =M17/O17 -> 4.6666667
A18: =UpgradedProtectorStats!A67+10 -> 181020 | B18: Cleric Armor +10 | C18: =UpgradedProtectorStats!C67 -> 20 | D18: =UpgradedProtectorStats!D67 -> 96.8 | E18: =UpgradedProtectorStats!E67 -> 55.66 | F18: =UpgradedProtectorStats!F67 -> 50.82 | G18: =UpgradedProtectorStats!G67 -> 36.3 | H18: =UpgradedProtectorStats!D67*(1+(UpgradedProtectorStats!H67/100)) -> 111.32 | I18: =UpgradedProtectorStats!D67*(1+(UpgradedProtectorStats!I67/100)) -> 96.8 | J18: =UpgradedProtectorStats!D67*(1+(UpgradedProtectorStats!J67/100)) -> 96.8 | K18: =UpgradedProtectorStats!K67 -> 22.4 | L18: =UpgradedProtectorStats!L67 -> 22.4 | M18: =UpgradedProtectorStats!M67 -> 32.2 | N18: =UpgradedProtectorStats!N67 -> 0 | O18: =UpgradedProtectorStats!O67 -> 12.5 | P18: =UpgradedProtectorStats!P67 -> 500 | Q18: =UpgradedProtectorStats!Q67 -> -1 | S18: =C18/O18 -> 1.6 | T18: =D18/O18 -> 7.744 | U18: =E18/O18 -> 4.4528 | V18: =F18/O18 -> 4.0656 | W18: =G18/O18 -> 2.904 | X18: =H18/O18 -> 8.9056 | Y18: =I18/O18 -> 7.744 | Z18: =J18/O18 -> 7.744 | AA18: =K18/O18 -> 1.792 | AB18: =M18/O18 -> 2.576
A19: =UpgradedProtectorStats!A72+5 -> 201010 | B19: Armor of Thorns +5 | C19: =UpgradedProtectorStats!C72 -> 16 | D19: =UpgradedProtectorStats!D72 -> 69.75 | E19: =UpgradedProtectorStats!E72 -> 43.4 | F19: =UpgradedProtectorStats!F72 -> 51.15 | G19: =UpgradedProtectorStats!G72 -> 31 | H19: =UpgradedProtectorStats!D72*(1+(UpgradedProtectorStats!H72/100)) -> 76.0275 | I19: =UpgradedProtectorStats!D72*(1+(UpgradedProtectorStats!I72/100)) -> 66.2625 | J19: =UpgradedProtectorStats!D72*(1+(UpgradedProtectorStats!J72/100)) -> 69.75 | K19: =UpgradedProtectorStats!K72 -> 22.86 | L19: =UpgradedProtectorStats!L72 -> 22.86 | M19: =UpgradedProtectorStats!M72 -> 33.02 | N19: =UpgradedProtectorStats!N72 -> 0 | O19: =UpgradedProtectorStats!O72 -> 10.5 | P19: =UpgradedProtectorStats!P72 -> 250 | Q19: =UpgradedProtectorStats!Q72 -> 0 | S19: =C19/O19 -> 1.5238095 | T19: =D19/O19 -> 6.6428571 | U19: =E19/O19 -> 4.1333333 | V19: =F19/O19 -> 4.8714286 | W19: =G19/O19 -> 2.952381 | X19: =H19/O19 -> 7.2407143 | Y19: =I19/O19 -> 6.3107143 | Z19: =J19/O19 -> 6.6428571 | AA19: =K19/O19 -> 2.1771429 | AB19: =M19/O19 -> 3.1447619
A20: =UpgradedProtectorStats!A76+10 -> 211020 | B20: Hard Leather Armor +10 | C20: =UpgradedProtectorStats!C76 -> 0 | D20: =UpgradedProtectorStats!D76 -> 62.92 | E20: =UpgradedProtectorStats!E76 -> 48.4 | F20: =UpgradedProtectorStats!F76 -> 31.46 | G20: =UpgradedProtectorStats!G76 -> 55.66 | H20: =UpgradedProtectorStats!D76*(1+(UpgradedProtectorStats!H76/100)) -> 62.92 | I20: =UpgradedProtectorStats!D76*(1+(UpgradedProtectorStats!I76/100)) -> 66.6952 | J20: =UpgradedProtectorStats!D76*(1+(UpgradedProtectorStats!J76/100)) -> 62.92 | K20: =UpgradedProtectorStats!K76 -> 28 | L20: =UpgradedProtectorStats!L76 -> 28 | M20: =UpgradedProtectorStats!M76 -> 32.2 | N20: =UpgradedProtectorStats!N76 -> 0 | O20: =UpgradedProtectorStats!O76 -> 5.9 | P20: =UpgradedProtectorStats!P76 -> 250 | Q20: =UpgradedProtectorStats!Q76 -> 0 | S20: =C20/O20 -> 0 | T20: =D20/O20 -> 10.664407 | U20: =E20/O20 -> 8.2033898 | V20: =F20/O20 -> 5.3322034 | W20: =G20/O20 -> 9.4338983 | X20: =H20/O20 -> 10.664407 | Y20: =I20/O20 -> 11.304271 | Z20: =J20/O20 -> 10.664407 | AA20: =K20/O20 -> 4.7457627 | AB20: =M20/O20 -> 5.4576271
A21: =UpgradedProtectorStats!A80+10 -> 221020 | B21: Sorcerer Cloak +10 | C21: =UpgradedProtectorStats!C80 -> 0 | D21: =UpgradedProtectorStats!D80 -> 48.4 | E21: =UpgradedProtectorStats!E80 -> 65.34 | F21: =UpgradedProtectorStats!F80 -> 31.46 | G21: =UpgradedProtectorStats!G80 -> 41.14 | H21: =UpgradedProtectorStats!D80*(1+(UpgradedProtectorStats!H80/100)) -> 50.336 | I21: =UpgradedProtectorStats!D80*(1+(UpgradedProtectorStats!I80/100)) -> 52.272 | J21: =UpgradedProtectorStats!D80*(1+(UpgradedProtectorStats!J80/100)) -> 48.4 | K21: =UpgradedProtectorStats!K80 -> 16.8 | L21: =UpgradedProtectorStats!L80 -> 16.8 | M21: =UpgradedProtectorStats!M80 -> 22.4 | N21: =UpgradedProtectorStats!N80 -> 0 | O21: =UpgradedProtectorStats!O80 -> 2.3 | P21: =UpgradedProtectorStats!P80 -> 200 | Q21: =UpgradedProtectorStats!Q80 -> 0 | S21: =C21/O21 -> 0 | T21: =D21/O21 -> 21.043478 | U21: =E21/O21 -> 28.408696 | V21: =F21/O21 -> 13.678261 | W21: =G21/O21 -> 17.886957 | X21: =H21/O21 -> 21.885217 | Y21: =I21/O21 -> 22.726957 | Z21: =J21/O21 -> 21.043478 | AA21: =K21/O21 -> 7.3043478 | AB21: =M21/O21 -> 9.7391304
A22: =UpgradedProtectorStats!A88+10 -> 241020 | B22: Leather Armor +10 | C22: =UpgradedProtectorStats!C88 -> 0 | D22: =UpgradedProtectorStats!D88 -> 58.08 | E22: =UpgradedProtectorStats!E88 -> 48.4 | F22: =UpgradedProtectorStats!F88 -> 29.04 | G22: =UpgradedProtectorStats!G88 -> 55.66 | H22: =UpgradedProtectorStats!D88*(1+(UpgradedProtectorStats!H88/100)) -> 58.08 | I22: =UpgradedProtectorStats!D88*(1+(UpgradedProtectorStats!I88/100)) -> 61.5648 | J22: =UpgradedProtectorStats!D88*(1+(UpgradedProtectorStats!J88/100)) -> 58.08 | K22: =UpgradedProtectorStats!K88 -> 28 | L22: =UpgradedProtectorStats!L88 -> 28 | M22: =UpgradedProtectorStats!M88 -> 29.4 | N22: =UpgradedProtectorStats!N88 -> 0 | O22: =UpgradedProtectorStats!O88 -> 4.7 | P22: =UpgradedProtectorStats!P88 -> 250 | Q22: =UpgradedProtectorStats!Q88 -> 0 | S22: =C22/O22 -> 0 | T22: =D22/O22 -> 12.357447 | U22: =E22/O22 -> 10.297872 | V22: =F22/O22 -> 6.1787234 | W22: =G22/O22 -> 11.842553 | X22: =H22/O22 -> 12.357447 | Y22: =I22/O22 -> 13.098894 | Z22: =J22/O22 -> 12.357447 | AA22: =K22/O22 -> 5.9574468 | AB22: =M22/O22 -> 6.2553191
A23: =UpgradedProtectorStats!A92+5 -> 251010 | B23: Painting Guardian Robe +5 | C23: =UpgradedProtectorStats!C92 -> 0 | D23: =UpgradedProtectorStats!D92 -> 13.95 | E23: =UpgradedProtectorStats!E92 -> 52.7 | F23: =UpgradedProtectorStats!F92 -> 44.95 | G23: =UpgradedProtectorStats!G92 -> 32.55 | H23: =UpgradedProtectorStats!D92*(1+(UpgradedProtectorStats!H92/100)) -> 13.95 | I23: =UpgradedProtectorStats!D92*(1+(UpgradedProtectorStats!I92/100)) -> 16.74 | J23: =UpgradedProtectorStats!D92*(1+(UpgradedProtectorStats!J92/100)) -> 13.95 | K23: =UpgradedProtectorStats!K92 -> 99.06 | L23: =UpgradedProtectorStats!L92 -> 99.06 | M23: =UpgradedProtectorStats!M92 -> 40.64 | N23: =UpgradedProtectorStats!N92 -> 20.32 | O23: =UpgradedProtectorStats!O92 -> 1.6 | P23: =UpgradedProtectorStats!P92 -> 150 | Q23: =UpgradedProtectorStats!Q92 -> 0 | S23: =C23/O23 -> 0 | T23: =D23/O23 -> 8.71875 | U23: =E23/O23 -> 32.9375 | V23: =F23/O23 -> 28.09375 | W23: =G23/O23 -> 20.34375 | X23: =H23/O23 -> 8.71875 | Y23: =I23/O23 -> 10.4625 | Z23: =J23/O23 -> 8.71875 | AA23: =K23/O23 -> 61.9125 | AB23: =M23/O23 -> 25.4
A24: =UpgradedProtectorStats!A96 -> 271000 | B24: Ornstein's Armor | C24: =UpgradedProtectorStats!C96 -> 19 | D24: =UpgradedProtectorStats!D96 -> 70 | E24: =UpgradedProtectorStats!E96 -> 36 | F24: =UpgradedProtectorStats!F96 -> 46 | G24: =UpgradedProtectorStats!G96 -> 40 | H24: =UpgradedProtectorStats!D96*(1+(UpgradedProtectorStats!H96/100)) -> 79.1 | I24: =UpgradedProtectorStats!D96*(1+(UpgradedProtectorStats!I96/100)) -> 66.5 | J24: =UpgradedProtectorStats!D96*(1+(UpgradedProtectorStats!J96/100)) -> 70 | K24: =UpgradedProtectorStats!K96 -> 18 | L24: =UpgradedProtectorStats!L96 -> 18 | M24: =UpgradedProtectorStats!M96 -> 38 | N24: =UpgradedProtectorStats!N96 -> 18 | O24: =UpgradedProtectorStats!O96 -> 12 | P24: =UpgradedProtectorStats!P96 -> 700 | Q24: =UpgradedProtectorStats!Q96 -> -1 | S24: =C24/O24 -> 1.5833333 | T24: =D24/O24 -> 5.8333333 | U24: =E24/O24 -> 3 | V24: =F24/O24 -> 3.8333333 | W24: =G24/O24 -> 3.3333333 | X24: =H24/O24 -> 6.5916667 | Y24: =I24/O24 -> 5.5416667 | Z24: =J24/O24 -> 5.8333333 | AA24: =K24/O24 -> 1.5 | AB24: =M24/O24 -> 3.1666667
A25: =UpgradedProtectorStats!A100+5 -> 281010 | B25: Eastern Armor +5 | C25: =UpgradedProtectorStats!C100 -> 20 | D25: =UpgradedProtectorStats!D100 -> 69.75 | E25: =UpgradedProtectorStats!E100 -> 23.25 | F25: =UpgradedProtectorStats!F100 -> 51.15 | G25: =UpgradedProtectorStats!G100 -> 27.9 | H25: =UpgradedProtectorStats!D100*(1+(UpgradedProtectorStats!H100/100)) -> 86.49 | I25: =UpgradedProtectorStats!D100*(1+(UpgradedProtectorStats!I100/100)) -> 66.2625 | J25: =UpgradedProtectorStats!D100*(1+(UpgradedProtectorStats!J100/100)) -> 67.6575 | K25: =UpgradedProtectorStats!K100 -> 35.56 | L25: =UpgradedProtectorStats!L100 -> 35.56 | M25: =UpgradedProtectorStats!M100 -> 48.26 | N25: =UpgradedProtectorStats!N100 -> 0 | O25: =UpgradedProtectorStats!O100 -> 12.3 | P25: =UpgradedProtectorStats!P100 -> 450 | Q25: =UpgradedProtectorStats!Q100 -> -1 | S25: =C25/O25 -> 1.6260163 | T25: =D25/O25 -> 5.6707317 | U25: =E25/O25 -> 1.8902439 | V25: =F25/O25 -> 4.1585366 | W25: =G25/O25 -> 2.2682927 | X25: =H25/O25 -> 7.0317073 | Y25: =I25/O25 -> 5.3871951 | Z25: =J25/O25 -> 5.5006098 | AA25: =K25/O25 -> 2.8910569 | AB25: =M25/O25 -> 3.9235772
A26: =UpgradedProtectorStats!A104+5 -> 291010 | B26: Xanthous Overcoat +5 | C26: =UpgradedProtectorStats!C104 -> 0 | D26: =UpgradedProtectorStats!D104 -> 49.6 | E26: =UpgradedProtectorStats!E104 -> 57.35 | F26: =UpgradedProtectorStats!F104 -> 10.85 | G26: =UpgradedProtectorStats!G104 -> 35.65 | H26: =UpgradedProtectorStats!D104*(1+(UpgradedProtectorStats!H104/100)) -> 49.6 | I26: =UpgradedProtectorStats!D104*(1+(UpgradedProtectorStats!I104/100)) -> 55.552 | J26: =UpgradedProtectorStats!D104*(1+(UpgradedProtectorStats!J104/100)) -> 45.136 | K26: =UpgradedProtectorStats!K104 -> 36.83 | L26: =UpgradedProtectorStats!L104 -> 36.83 | M26: =UpgradedProtectorStats!M104 -> 27.94 | N26: =UpgradedProtectorStats!N104 -> 0 | O26: =UpgradedProtectorStats!O104 -> 3.9 | P26: =UpgradedProtectorStats!P104 -> 400 | Q26: =UpgradedProtectorStats!Q104 -> 0 | S26: =C26/O26 -> 0 | T26: =D26/O26 -> 12.717949 | U26: =E26/O26 -> 14.705128 | V26: =F26/O26 -> 2.7820513 | W26: =G26/O26 -> 9.1410256 | X26: =H26/O26 -> 12.717949 | Y26: =I26/O26 -> 14.244103 | Z26: =J26/O26 -> 11.573333 | AA26: =K26/O26 -> 9.4435897 | AB26: =M26/O26 -> 7.1641026
A27: =UpgradedProtectorStats!A108+10 -> 301020 | B27: Black Leather Armor +10 | C27: =UpgradedProtectorStats!C108 -> 0 | D27: =UpgradedProtectorStats!D108 -> 55.66 | E27: =UpgradedProtectorStats!E108 -> 48.4 | F27: =UpgradedProtectorStats!F108 -> 33.88 | G27: =UpgradedProtectorStats!G108 -> 38.72 | H27: =UpgradedProtectorStats!D108*(1+(UpgradedProtectorStats!H108/100)) -> 55.66 | I27: =UpgradedProtectorStats!D108*(1+(UpgradedProtectorStats!I108/100)) -> 59.5562 | J27: =UpgradedProtectorStats!D108*(1+(UpgradedProtectorStats!J108/100)) -> 55.66 | K27: =UpgradedProtectorStats!K108 -> 43.4 | L27: =UpgradedProtectorStats!L108 -> 43.4 | M27: =UpgradedProtectorStats!M108 -> 32.2 | N27: =UpgradedProtectorStats!N108 -> 0 | O27: =UpgradedProtectorStats!O108 -> 3.1 | P27: =UpgradedProtectorStats!P108 -> 250 | Q27: =UpgradedProtectorStats!Q108 -> 0 | S27: =C27/O27 -> 0 | T27: =D27/O27 -> 17.954839 | U27: =E27/O27 -> 15.612903 | V27: =F27/O27 -> 10.929032 | W27: =G27/O27 -> 12.490323 | X27: =H27/O27 -> 17.954839 | Y27: =I27/O27 -> 19.211677 | Z27: =J27/O27 -> 17.954839 | AA27: =K27/O27 -> 14 | AB27: =M27/O27 -> 10.387097
A28: =UpgradedProtectorStats!A112+10 -> 311020 | B28: Holy Robe +10 | C28: =UpgradedProtectorStats!C112 -> 0 | D28: =UpgradedProtectorStats!D112 -> 53.24 | E28: =UpgradedProtectorStats!E112 -> 55.66 | F28: =UpgradedProtectorStats!F112 -> 33.88 | G28: =UpgradedProtectorStats!G112 -> 45.98 | H28: =UpgradedProtectorStats!D112*(1+(UpgradedProtectorStats!H112/100)) -> 53.24 | I28: =UpgradedProtectorStats!D112*(1+(UpgradedProtectorStats!I112/100)) -> 62.8232 | J28: =UpgradedProtectorStats!D112*(1+(UpgradedProtectorStats!J112/100)) -> 53.24 | K28: =UpgradedProtectorStats!K112 -> 28 | L28: =UpgradedProtectorStats!L112 -> 28 | M28: =UpgradedProtectorStats!M112 -> 33.6 | N28: =UpgradedProtectorStats!N112 -> 0 | O28: =UpgradedProtectorStats!O112 -> 4 | P28: =UpgradedProtectorStats!P112 -> 350 | Q28: =UpgradedProtectorStats!Q112 -> 0 | S28: =C28/O28 -> 0 | T28: =D28/O28 -> 13.31 | U28: =E28/O28 -> 13.915 | V28: =F28/O28 -> 8.47 | W28: =G28/O28 -> 11.495 | X28: =H28/O28 -> 13.31 | Y28: =I28/O28 -> 15.7058 | Z28: =J28/O28 -> 13.31 | AA28: =K28/O28 -> 7 | AB28: =M28/O28 -> 8.4
A29: =UpgradedProtectorStats!A116+5 -> 321010 | B29: Black Knight Armor +5 | C29: =UpgradedProtectorStats!C116 -> 21 | D29: =UpgradedProtectorStats!D116 -> 88.35 | E29: =UpgradedProtectorStats!E116 -> 44.95 | F29: =UpgradedProtectorStats!F116 -> 74.4 | G29: =UpgradedProtectorStats!G116 -> 26.35 | H29: =UpgradedProtectorStats!D116*(1+(UpgradedProtectorStats!H116/100)) -> 99.8355 | I29: =UpgradedProtectorStats!D116*(1+(UpgradedProtectorStats!I116/100)) -> 83.9325 | J29: =UpgradedProtectorStats!D116*(1+(UpgradedProtectorStats!J116/100)) -> 86.583 | K29: =UpgradedProtectorStats!K116 -> 19.05 | L29: =UpgradedProtectorStats!L116 -> 19.05 | M29: =UpgradedProtectorStats!M116 -> 40.64 | N29: =UpgradedProtectorStats!N116 -> 0 | O29: =UpgradedProtectorStats!O116 -> 13 | P29: =UpgradedProtectorStats!P116 -> 550 | Q29: =UpgradedProtectorStats!Q116 -> -1 | S29: =C29/O29 -> 1.6153846 | T29: =D29/O29 -> 6.7961538 | U29: =E29/O29 -> 3.4576923 | V29: =F29/O29 -> 5.7230769 | W29: =G29/O29 -> 2.0269231 | X29: =H29/O29 -> 7.6796538 | Y29: =I29/O29 -> 6.4563462 | Z29: =J29/O29 -> 6.6602308 | AA29: =K29/O29 -> 1.4653846 | AB29: =M29/O29 -> 3.1261538
A30: =UpgradedProtectorStats!A120+5 -> 331010 | B30: Antiquated Dress +5 | C30: =UpgradedProtectorStats!C120 -> 0 | D30: =UpgradedProtectorStats!D120 -> 21.7 | E30: =UpgradedProtectorStats!E120 -> 51.15 | F30: =UpgradedProtectorStats!F120 -> 9.3 | G30: =UpgradedProtectorStats!G120 -> 29.45 | H30: =UpgradedProtectorStats!D120*(1+(UpgradedProtectorStats!H120/100)) -> 21.7 | I30: =UpgradedProtectorStats!D120*(1+(UpgradedProtectorStats!I120/100)) -> 21.7 | J30: =UpgradedProtectorStats!D120*(1+(UpgradedProtectorStats!J120/100)) -> 21.7 | K30: =UpgradedProtectorStats!K120 -> 17.78 | L30: =UpgradedProtectorStats!L120 -> 17.78 | M30: =UpgradedProtectorStats!M120 -> 17.78 | N30: =UpgradedProtectorStats!N120 -> 33.02 | O30: =UpgradedProtectorStats!O120 -> 1 | P30: =UpgradedProtectorStats!P120 -> 150 | Q30: =UpgradedProtectorStats!Q120 -> 0 | S30: =C30/O30 -> 0 | T30: =D30/O30 -> 21.7 | U30: =E30/O30 -> 51.15 | V30: =F30/O30 -> 9.3 | W30: =G30/O30 -> 29.45 | X30: =H30/O30 -> 21.7 | Y30: =I30/O30 -> 21.7 | Z30: =J30/O30 -> 21.7 | AA30: =K30/O30 -> 17.78 | AB30: =M30/O30 -> 17.78
A31: =UpgradedProtectorStats!A124+5 -> 341010 | B31: Witch Cloak +5 | C31: =UpgradedProtectorStats!C124 -> 0 | D31: =UpgradedProtectorStats!D124 -> 51.15 | E31: =UpgradedProtectorStats!E124 -> 66.65 | F31: =UpgradedProtectorStats!F124 -> 31 | G31: =UpgradedProtectorStats!G124 -> 40.3 | H31: =UpgradedProtectorStats!D124*(1+(UpgradedProtectorStats!H124/100)) -> 51.15 | I31: =UpgradedProtectorStats!D124*(1+(UpgradedProtectorStats!I124/100)) -> 56.7765 | J31: =UpgradedProtectorStats!D124*(1+(UpgradedProtectorStats!J124/100)) -> 51.15 | K31: =UpgradedProtectorStats!K124 -> 45.72 | L31: =UpgradedProtectorStats!L124 -> 45.72 | M31: =UpgradedProtectorStats!M124 -> 45.72 | N31: =UpgradedProtectorStats!N124 -> 15.24 | O31: =UpgradedProtectorStats!O124 -> 4 | P31: =UpgradedProtectorStats!P124 -> 250 | Q31: =UpgradedProtectorStats!Q124 -> 0 | S31: =C31/O31 -> 0 | T31: =D31/O31 -> 12.7875 | U31: =E31/O31 -> 16.6625 | V31: =F31/O31 -> 7.75 | W31: =G31/O31 -> 10.075 | X31: =H31/O31 -> 12.7875 | Y31: =I31/O31 -> 14.194125 | Z31: =J31/O31 -> 12.7875 | AA31: =K31/O31 -> 11.43 | AB31: =M31/O31 -> 11.43
A32: =UpgradedProtectorStats!A128+10 -> 351020 | B32: Elite Knight Armor +10 | C32: =UpgradedProtectorStats!C128 -> 20 | D32: =UpgradedProtectorStats!D128 -> 94.38 | E32: =UpgradedProtectorStats!E128 -> 41.14 | F32: =UpgradedProtectorStats!F128 -> 43.56 | G32: =UpgradedProtectorStats!G128 -> 36.3 | H32: =UpgradedProtectorStats!D128*(1+(UpgradedProtectorStats!H128/100)) -> 109.4808 | I32: =UpgradedProtectorStats!D128*(1+(UpgradedProtectorStats!I128/100)) -> 91.5486 | J32: =UpgradedProtectorStats!D128*(1+(UpgradedProtectorStats!J128/100)) -> 94.38 | K32: =UpgradedProtectorStats!K128 -> 22.4 | L32: =UpgradedProtectorStats!L128 -> 22.4 | M32: =UpgradedProtectorStats!M128 -> 32.2 | N32: =UpgradedProtectorStats!N128 -> 0 | O32: =UpgradedProtectorStats!O128 -> 11.7 | P32: =UpgradedProtectorStats!P128 -> 450 | Q32: =UpgradedProtectorStats!Q128 -> 0 | S32: =C32/O32 -> 1.7094017 | T32: =D32/O32 -> 8.0666667 | U32: =E32/O32 -> 3.5162393 | V32: =F32/O32 -> 3.7230769 | W32: =G32/O32 -> 3.1025641 | X32: =H32/O32 -> 9.3573333 | Y32: =I32/O32 -> 7.8246667 | Z32: =J32/O32 -> 8.0666667 | AA32: =K32/O32 -> 1.9145299 | AB32: =M32/O32 -> 2.7521368
A33: =UpgradedProtectorStats!A132+10 -> 361020 | B33: Wanderer Coat +10 | C33: =UpgradedProtectorStats!C132 -> 0 | D33: =UpgradedProtectorStats!D132 -> 35.65 | E33: =UpgradedProtectorStats!E132 -> 32.55 | F33: =UpgradedProtectorStats!F132 -> 40.3 | G33: =UpgradedProtectorStats!G132 -> 35.65 | H33: =UpgradedProtectorStats!D132*(1+(UpgradedProtectorStats!H132/100)) -> 38.1455 | I33: =UpgradedProtectorStats!D132*(1+(UpgradedProtectorStats!I132/100)) -> 38.1455 | J33: =UpgradedProtectorStats!D132*(1+(UpgradedProtectorStats!J132/100)) -> 35.65 | K33: =UpgradedProtectorStats!K132 -> 26.67 | L33: =UpgradedProtectorStats!L132 -> 26.67 | M33: =UpgradedProtectorStats!M132 -> 26.67 | N33: =UpgradedProtectorStats!N132 -> 0 | O33: =UpgradedProtectorStats!O132 -> 3.5 | P33: =UpgradedProtectorStats!P132 -> 400 | Q33: =UpgradedProtectorStats!Q132 -> 0 | S33: =C33/O33 -> 0 | T33: =D33/O33 -> 10.185714 | U33: =E33/O33 -> 9.3 | V33: =F33/O33 -> 11.514286 | W33: =G33/O33 -> 10.185714 | X33: =H33/O33 -> 10.898714 | Y33: =I33/O33 -> 10.898714 | Z33: =J33/O33 -> 10.185714 | AA33: =K33/O33 -> 7.62 | AB33: =M33/O33 -> 7.62
A34: =UpgradedProtectorStats!A136+10 -> 371020 | B34: Mage Smith Coat +10 | C34: =UpgradedProtectorStats!C136 -> 0 | D34: =UpgradedProtectorStats!D136 -> 31 | E34: =UpgradedProtectorStats!E136 -> 41.85 | F34: =UpgradedProtectorStats!F136 -> 20.15 | G34: =UpgradedProtectorStats!G136 -> 26.35 | H34: =UpgradedProtectorStats!D136*(1+(UpgradedProtectorStats!H136/100)) -> 32.24 | I34: =UpgradedProtectorStats!D136*(1+(UpgradedProtectorStats!I136/100)) -> 33.48 | J34: =UpgradedProtectorStats!D136*(1+(UpgradedProtectorStats!J136/100)) -> 31 | K34: =UpgradedProtectorStats!K136 -> 15.24 | L34: =UpgradedProtectorStats!L136 -> 15.24 | M34: =UpgradedProtectorStats!M136 -> 20.32 | N34: =UpgradedProtectorStats!N136 -> 0 | O34: =UpgradedProtectorStats!O136 -> 2.3 | P34: =UpgradedProtectorStats!P136 -> 200 | Q34: =UpgradedProtectorStats!Q136 -> 0 | S34: =C34/O34 -> 0 | T34: =D34/O34 -> 13.478261 | U34: =E34/O34 -> 18.195652 | V34: =F34/O34 -> 8.7608696 | W34: =G34/O34 -> 11.456522 | X34: =H34/O34 -> 14.017391 | Y34: =I34/O34 -> 14.556522 | Z34: =J34/O34 -> 13.478261 | AA34: =K34/O34 -> 6.626087 | AB34: =M34/O34 -> 8.8347826
A35: =UpgradedProtectorStats!A140+5 -> 381010 | B35: Sage Robe +5 | C35: =UpgradedProtectorStats!C140 -> 0 | D35: =UpgradedProtectorStats!D140 -> 63.55 | E35: =UpgradedProtectorStats!E140 -> 43.4 | F35: =UpgradedProtectorStats!F140 -> 44.95 | G35: =UpgradedProtectorStats!G140 -> 54.25 | H35: =UpgradedProtectorStats!D140*(1+(UpgradedProtectorStats!H140/100)) -> 66.092 | I35: =UpgradedProtectorStats!D140*(1+(UpgradedProtectorStats!I140/100)) -> 68.634 | J35: =UpgradedProtectorStats!D140*(1+(UpgradedProtectorStats!J140/100)) -> 63.55 | K35: =UpgradedProtectorStats!K140 -> 62.23 | L35: =UpgradedProtectorStats!L140 -> 62.23 | M35: =UpgradedProtectorStats!M140 -> 62.23 | N35: =UpgradedProtectorStats!N140 -> 0 | O35: =UpgradedProtectorStats!O140 -> 4 | P35: =UpgradedProtectorStats!P140 -> 250 | Q35: =UpgradedProtectorStats!Q140 -> 0 | S35: =C35/O35 -> 0 | T35: =D35/O35 -> 15.8875 | U35: =E35/O35 -> 10.85 | V35: =F35/O35 -> 11.2375 | W35: =G35/O35 -> 13.5625 | X35: =H35/O35 -> 16.523 | Y35: =I35/O35 -> 17.1585 | Z35: =J35/O35 -> 15.8875 | AA35: =K35/O35 -> 15.5575 | AB35: =M35/O35 -> 15.5575
A36: =UpgradedProtectorStats!A144+10 -> 391020 | B36: Knight Armor +10 | C36: =UpgradedProtectorStats!C144 -> 20 | D36: =UpgradedProtectorStats!D144 -> 89.54 | E36: =UpgradedProtectorStats!E144 -> 38.72 | F36: =UpgradedProtectorStats!F144 -> 43.56 | G36: =UpgradedProtectorStats!G144 -> 31.46 | H36: =UpgradedProtectorStats!D144*(1+(UpgradedProtectorStats!H144/100)) -> 103.8664 | I36: =UpgradedProtectorStats!D144*(1+(UpgradedProtectorStats!I144/100)) -> 85.063 | J36: =UpgradedProtectorStats!D144*(1+(UpgradedProtectorStats!J144/100)) -> 87.7492 | K36: =UpgradedProtectorStats!K144 -> 22.4 | L36: =UpgradedProtectorStats!L144 -> 22.4 | M36: =UpgradedProtectorStats!M144 -> 32.2 | N36: =UpgradedProtectorStats!N144 -> 0 | O36: =UpgradedProtectorStats!O144 -> 10.9 | P36: =UpgradedProtectorStats!P144 -> 400 | Q36: =UpgradedProtectorStats!Q144 -> 0 | S36: =C36/O36 -> 1.8348624 | T36: =D36/O36 -> 8.2146789 | U36: =E36/O36 -> 3.5522936 | V36: =F36/O36 -> 3.9963303 | W36: =G36/O36 -> 2.8862385 | X36: =H36/O36 -> 9.5290275 | Y36: =I36/O36 -> 7.803945 | Z36: =J36/O36 -> 8.0503853 | AA36: =K36/O36 -> 2.0550459 | AB36: =M36/O36 -> 2.9541284
A37: =UpgradedProtectorStats!A148+10 -> 401020 | B37: Dingy Robe +10 | C37: =UpgradedProtectorStats!C148 -> 0 | D37: =UpgradedProtectorStats!D148 -> 55.66 | E37: =UpgradedProtectorStats!E148 -> 79.86 | F37: =UpgradedProtectorStats!F148 -> 45.98 | G37: =UpgradedProtectorStats!G148 -> 60.5 | H37: =UpgradedProtectorStats!D148*(1+(UpgradedProtectorStats!H148/100)) -> 55.66 | I37: =UpgradedProtectorStats!D148*(1+(UpgradedProtectorStats!I148/100)) -> 69.575 | J37: =UpgradedProtectorStats!D148*(1+(UpgradedProtectorStats!J148/100)) -> 55.66 | K37: =UpgradedProtectorStats!K148 -> 36.4 | L37: =UpgradedProtectorStats!L148 -> 36.4 | M37: =UpgradedProtectorStats!M148 -> 49 | N37: =UpgradedProtectorStats!N148 -> 49 | O37: =UpgradedProtectorStats!O148 -> 3 | P37: =UpgradedProtectorStats!P148 -> 150 | Q37: =UpgradedProtectorStats!Q148 -> 0 | S37: =C37/O37 -> 0 | T37: =D37/O37 -> 18.553333 | U37: =E37/O37 -> 26.62 | V37: =F37/O37 -> 15.326667 | W37: =G37/O37 -> 20.166667 | X37: =H37/O37 -> 18.553333 | Y37: =I37/O37 -> 23.191667 | Z37: =J37/O37 -> 18.553333 | AA37: =K37/O37 -> 12.133333 | AB37: =M37/O37 -> 16.333333
A38: =UpgradedProtectorStats!A152+10 -> 411020 | B38: Maiden Robe +10 | C38: =UpgradedProtectorStats!C152 -> 0 | D38: =UpgradedProtectorStats!D152 -> 45.98 | E38: =UpgradedProtectorStats!E152 -> 53.24 | F38: =UpgradedProtectorStats!F152 -> 31.46 | G38: =UpgradedProtectorStats!G152 -> 41.14 | H38: =UpgradedProtectorStats!D152*(1+(UpgradedProtectorStats!H152/100)) -> 45.98 | I38: =UpgradedProtectorStats!D152*(1+(UpgradedProtectorStats!I152/100)) -> 53.7966 | J38: =UpgradedProtectorStats!D152*(1+(UpgradedProtectorStats!J152/100)) -> 45.98 | K38: =UpgradedProtectorStats!K152 -> 25.2 | L38: =UpgradedProtectorStats!L152 -> 25.2 | M38: =UpgradedProtectorStats!M152 -> 32.2 | N38: =UpgradedProtectorStats!N152 -> 11.2 | O38: =UpgradedProtectorStats!O152 -> 2 | P38: =UpgradedProtectorStats!P152 -> 150 | Q38: =UpgradedProtectorStats!Q152 -> 0 | S38: =C38/O38 -> 0 | T38: =D38/O38 -> 22.99 | U38: =E38/O38 -> 26.62 | V38: =F38/O38 -> 15.73 | W38: =G38/O38 -> 20.57 | X38: =H38/O38 -> 22.99 | Y38: =I38/O38 -> 26.8983 | Z38: =J38/O38 -> 22.99 | AA38: =K38/O38 -> 12.6 | AB38: =M38/O38 -> 16.1
A39: =UpgradedProtectorStats!A156+5 -> 421010 | B39: Silver Knight Armor +5 | C39: =UpgradedProtectorStats!C156 -> 19 | D39: =UpgradedProtectorStats!D156 -> 80.6 | E39: =UpgradedProtectorStats!E156 -> 40.3 | F39: =UpgradedProtectorStats!F156 -> 44.95 | G39: =UpgradedProtectorStats!G156 -> 52.7 | H39: =UpgradedProtectorStats!D156*(1+(UpgradedProtectorStats!H156/100)) -> 92.69 | I39: =UpgradedProtectorStats!D156*(1+(UpgradedProtectorStats!I156/100)) -> 75.764 | J39: =UpgradedProtectorStats!D156*(1+(UpgradedProtectorStats!J156/100)) -> 78.988 | K39: =UpgradedProtectorStats!K156 -> 15.24 | L39: =UpgradedProtectorStats!L156 -> 15.24 | M39: =UpgradedProtectorStats!M156 -> 30.48 | N39: =UpgradedProtectorStats!N156 -> 2.54 | O39: =UpgradedProtectorStats!O156 -> 12 | P39: =UpgradedProtectorStats!P156 -> 600 | Q39: =UpgradedProtectorStats!Q156 -> 0 | S39: =C39/O39 -> 1.5833333 | T39: =D39/O39 -> 6.7166667 | U39: =E39/O39 -> 3.3583333 | V39: =F39/O39 -> 3.7458333 | W39: =G39/O39 -> 4.3916667 | X39: =H39/O39 -> 7.7241667 | Y39: =I39/O39 -> 6.3136667 | Z39: =J39/O39 -> 6.5823333 | AA39: =K39/O39 -> 1.27 | AB39: =M39/O39 -> 2.54
A40: =UpgradedProtectorStats!A160 -> 441000 | B40: Havel's Armor | C40: =UpgradedProtectorStats!C160 -> 47 | D40: =UpgradedProtectorStats!D160 -> 92 | E40: =UpgradedProtectorStats!E160 -> 56 | F40: =UpgradedProtectorStats!F160 -> 54 | G40: =UpgradedProtectorStats!G160 -> 49 | H40: =UpgradedProtectorStats!D160*(1+(UpgradedProtectorStats!H160/100)) -> 105.8 | I40: =UpgradedProtectorStats!D160*(1+(UpgradedProtectorStats!I160/100)) -> 78.2 | J40: =UpgradedProtectorStats!D160*(1+(UpgradedProtectorStats!J160/100)) -> 92 | K40: =UpgradedProtectorStats!K160 -> 11 | L40: =UpgradedProtectorStats!L160 -> 11 | M40: =UpgradedProtectorStats!M160 -> 45 | N40: =UpgradedProtectorStats!N160 -> 22 | O40: =UpgradedProtectorStats!O160 -> 19.5 | P40: =UpgradedProtectorStats!P160 -> 900 | Q40: =UpgradedProtectorStats!Q160 -> -2 | S40: =C40/O40 -> 2.4102564 | T40: =D40/O40 -> 4.7179487 | U40: =E40/O40 -> 2.8717949 | V40: =F40/O40 -> 2.7692308 | W40: =G40/O40 -> 2.5128205 | X40: =H40/O40 -> 5.425641 | Y40: =I40/O40 -> 4.0102564 | Z40: =J40/O40 -> 4.7179487 | AA40: =K40/O40 -> 0.56410256 | AB40: =M40/O40 -> 2.3076923
A41: =UpgradedProtectorStats!A164+5 -> 451010 | B41: Brass Armor +5 | C41: =UpgradedProtectorStats!C164 -> 16 | D41: =UpgradedProtectorStats!D164 -> 74.4 | E41: =UpgradedProtectorStats!E164 -> 41.85 | F41: =UpgradedProtectorStats!F164 -> 38.75 | G41: =UpgradedProtectorStats!G164 -> 38.75 | H41: =UpgradedProtectorStats!D164*(1+(UpgradedProtectorStats!H164/100)) -> 84.072 | I41: =UpgradedProtectorStats!D164*(1+(UpgradedProtectorStats!I164/100)) -> 71.424 | J41: =UpgradedProtectorStats!D164*(1+(UpgradedProtectorStats!J164/100)) -> 74.4 | K41: =UpgradedProtectorStats!K164 -> 25.4 | L41: =UpgradedProtectorStats!L164 -> 25.4 | M41: =UpgradedProtectorStats!M164 -> 30.48 | N41: =UpgradedProtectorStats!N164 -> 13.97 | O41: =UpgradedProtectorStats!O164 -> 10.9 | P41: =UpgradedProtectorStats!P164 -> 600 | Q41: =UpgradedProtectorStats!Q164 -> 0 | S41: =C41/O41 -> 1.4678899 | T41: =D41/O41 -> 6.8256881 | U41: =E41/O41 -> 3.8394495 | V41: =F41/O41 -> 3.5550459 | W41: =G41/O41 -> 3.5550459 | X41: =H41/O41 -> 7.7130275 | Y41: =I41/O41 -> 6.5526606 | Z41: =J41/O41 -> 6.8256881 | AA41: =K41/O41 -> 2.3302752 | AB41: =M41/O41 -> 2.7963303
A42: =UpgradedProtectorStats!A168 -> 461000 | B42: Gold-Hemmed Black Cloak | C42: =UpgradedProtectorStats!C168 -> 0 | D42: =UpgradedProtectorStats!D168 -> 31 | E42: =UpgradedProtectorStats!E168 -> 38 | F42: =UpgradedProtectorStats!F168 -> 58 | G42: =UpgradedProtectorStats!G168 -> 21 | H42: =UpgradedProtectorStats!D168*(1+(UpgradedProtectorStats!H168/100)) -> 31 | I42: =UpgradedProtectorStats!D168*(1+(UpgradedProtectorStats!I168/100)) -> 33.17 | J42: =UpgradedProtectorStats!D168*(1+(UpgradedProtectorStats!J168/100)) -> 31 | K42: =UpgradedProtectorStats!K168 -> 94 | L42: =UpgradedProtectorStats!L168 -> 94 | M42: =UpgradedProtectorStats!M168 -> 40 | N42: =UpgradedProtectorStats!N168 -> 0 | O42: =UpgradedProtectorStats!O168 -> 3.5 | P42: =UpgradedProtectorStats!P168 -> 400 | Q42: =UpgradedProtectorStats!Q168 -> 0 | S42: =C42/O42 -> 0 | T42: =D42/O42 -> 8.8571429 | U42: =E42/O42 -> 10.857143 | V42: =F42/O42 -> 16.571429 | W42: =G42/O42 -> 6 | X42: =H42/O42 -> 8.8571429 | Y42: =I42/O42 -> 9.4771429 | Z42: =J42/O42 -> 8.8571429 | AA42: =K42/O42 -> 26.857143 | AB42: =M42/O42 -> 11.428571
A43: =UpgradedProtectorStats!A172 -> 471000 | B43: Golem Armor | C43: =UpgradedProtectorStats!C172 -> 33 | D43: =UpgradedProtectorStats!D172 -> 91 | E43: =UpgradedProtectorStats!E172 -> 45 | F43: =UpgradedProtectorStats!F172 -> 41 | G43: =UpgradedProtectorStats!G172 -> 17 | H43: =UpgradedProtectorStats!D172*(1+(UpgradedProtectorStats!H172/100)) -> 106.47 | I43: =UpgradedProtectorStats!D172*(1+(UpgradedProtectorStats!I172/100)) -> 83.72 | J43: =UpgradedProtectorStats!D172*(1+(UpgradedProtectorStats!J172/100)) -> 91 | K43: =UpgradedProtectorStats!K172 -> 31 | L43: =UpgradedProtectorStats!L172 -> 31 | M43: =UpgradedProtectorStats!M172 -> 45 | N43: =UpgradedProtectorStats!N172 -> 0 | O43: =UpgradedProtectorStats!O172 -> 16.4 | P43: =UpgradedProtectorStats!P172 -> 700 | Q43: =UpgradedProtectorStats!Q172 -> -2 | S43: =C43/O43 -> 2.0121951 | T43: =D43/O43 -> 5.5487805 | U43: =E43/O43 -> 2.7439024 | V43: =F43/O43 -> 2.5 | W43: =G43/O43 -> 1.0365854 | X43: =H43/O43 -> 6.4920732 | Y43: =I43/O43 -> 5.104878 | Z43: =J43/O43 -> 5.5487805 | AA43: =K43/O43 -> 1.8902439 | AB43: =M43/O43 -> 2.7439024
A44: =UpgradedProtectorStats!A176+10 -> 481020 | B44: Hollow Soldier Armor +10 | C44: =UpgradedProtectorStats!C176 -> 12 | D44: =UpgradedProtectorStats!D176 -> 62.92 | E44: =UpgradedProtectorStats!E176 -> 38.72 | F44: =UpgradedProtectorStats!F176 -> 41.14 | G44: =UpgradedProtectorStats!G176 -> 24.2 | H44: =UpgradedProtectorStats!D176*(1+(UpgradedProtectorStats!H176/100)) -> 69.8412 | I44: =UpgradedProtectorStats!D176*(1+(UpgradedProtectorStats!I176/100)) -> 62.92 | J44: =UpgradedProtectorStats!D176*(1+(UpgradedProtectorStats!J176/100)) -> 55.3696 | K44: =UpgradedProtectorStats!K176 -> 18.2 | L44: =UpgradedProtectorStats!L176 -> 18.2 | M44: =UpgradedProtectorStats!M176 -> 25.2 | N44: =UpgradedProtectorStats!N176 -> 0 | O44: =UpgradedProtectorStats!O176 -> 7.8 | P44: =UpgradedProtectorStats!P176 -> 200 | Q44: =UpgradedProtectorStats!Q176 -> 0 | S44: =C44/O44 -> 1.5384615 | T44: =D44/O44 -> 8.0666667 | U44: =E44/O44 -> 4.9641026 | V44: =F44/O44 -> 5.274359 | W44: =G44/O44 -> 3.1025641 | X44: =H44/O44 -> 8.954 | Y44: =I44/O44 -> 8.0666667 | Z44: =J44/O44 -> 7.0986667 | AA44: =K44/O44 -> 2.3333333 | AB44: =M44/O44 -> 3.2307692
A45: =UpgradedProtectorStats!A179+10 -> 491020 | B45: Steel Armor +10 | C45: =UpgradedProtectorStats!C179 -> 23 | D45: =UpgradedProtectorStats!D179 -> 101.64 | E45: =UpgradedProtectorStats!E179 -> 53.24 | F45: =UpgradedProtectorStats!F179 -> 50.82 | G45: =UpgradedProtectorStats!G179 -> 31.46 | H45: =UpgradedProtectorStats!D179*(1+(UpgradedProtectorStats!H179/100)) -> 116.886 | I45: =UpgradedProtectorStats!D179*(1+(UpgradedProtectorStats!I179/100)) -> 95.5416 | J45: =UpgradedProtectorStats!D179*(1+(UpgradedProtectorStats!J179/100)) -> 101.64 | K45: =UpgradedProtectorStats!K179 -> 22.4 | L45: =UpgradedProtectorStats!L179 -> 22.4 | M45: =UpgradedProtectorStats!M179 -> 32.2 | N45: =UpgradedProtectorStats!N179 -> 0 | O45: =UpgradedProtectorStats!O179 -> 14 | P45: =UpgradedProtectorStats!P179 -> 500 | Q45: =UpgradedProtectorStats!Q179 -> -1 | S45: =C45/O45 -> 1.6428571 | T45: =D45/O45 -> 7.26 | U45: =E45/O45 -> 3.8028571 | V45: =F45/O45 -> 3.63 | W45: =G45/O45 -> 2.2471429 | X45: =H45/O45 -> 8.349 | Y45: =I45/O45 -> 6.8244 | Z45: =J45/O45 -> 7.26 | AA45: =K45/O45 -> 1.6 | AB45: =M45/O45 -> 2.3
A46: =UpgradedProtectorStats!A183+10 -> 501020 | B46: Hollow Thief's Leather Armor +10 | C46: =UpgradedProtectorStats!C183 -> 0 | D46: =UpgradedProtectorStats!D183 -> 50.82 | E46: =UpgradedProtectorStats!E183 -> 48.4 | F46: =UpgradedProtectorStats!F183 -> 31.46 | G46: =UpgradedProtectorStats!G183 -> 43.56 | H46: =UpgradedProtectorStats!D183*(1+(UpgradedProtectorStats!H183/100)) -> 50.82 | I46: =UpgradedProtectorStats!D183*(1+(UpgradedProtectorStats!I183/100)) -> 55.3938 | J46: =UpgradedProtectorStats!D183*(1+(UpgradedProtectorStats!J183/100)) -> 52.8528 | K46: =UpgradedProtectorStats!K183 -> 40.6 | L46: =UpgradedProtectorStats!L183 -> 40.6 | M46: =UpgradedProtectorStats!M183 -> 21 | N46: =UpgradedProtectorStats!N183 -> 0 | O46: =UpgradedProtectorStats!O183 -> 2.8 | P46: =UpgradedProtectorStats!P183 -> 250 | Q46: =UpgradedProtectorStats!Q183 -> 0 | S46: =C46/O46 -> 0 | T46: =D46/O46 -> 18.15 | U46: =E46/O46 -> 17.285714 | V46: =F46/O46 -> 11.235714 | W46: =G46/O46 -> 15.557143 | X46: =H46/O46 -> 18.15 | Y46: =I46/O46 -> 19.7835 | Z46: =J46/O46 -> 18.876 | AA46: =K46/O46 -> 14.5 | AB46: =M46/O46 -> 7.5
A47: =UpgradedProtectorStats!A186+10 -> 511020 | B47: Balder Armor +10 | C47: =UpgradedProtectorStats!C186 -> 16 | D47: =UpgradedProtectorStats!D186 -> 89.54 | E47: =UpgradedProtectorStats!E186 -> 36.3 | F47: =UpgradedProtectorStats!F186 -> 43.56 | G47: =UpgradedProtectorStats!G186 -> 36.3 | H47: =UpgradedProtectorStats!D186*(1+(UpgradedProtectorStats!H186/100)) -> 109.2388 | I47: =UpgradedProtectorStats!D186*(1+(UpgradedProtectorStats!I186/100)) -> 87.7492 | J47: =UpgradedProtectorStats!D186*(1+(UpgradedProtectorStats!J186/100)) -> 85.9584 | K47: =UpgradedProtectorStats!K186 -> 22.4 | L47: =UpgradedProtectorStats!L186 -> 22.4 | M47: =UpgradedProtectorStats!M186 -> 28 | N47: =UpgradedProtectorStats!N186 -> 0 | O47: =UpgradedProtectorStats!O186 -> 10.9 | P47: =UpgradedProtectorStats!P186 -> 450 | Q47: =UpgradedProtectorStats!Q186 -> 0 | S47: =C47/O47 -> 1.4678899 | T47: =D47/O47 -> 8.2146789 | U47: =E47/O47 -> 3.3302752 | V47: =F47/O47 -> 3.9963303 | W47: =G47/O47 -> 3.3302752 | X47: =H47/O47 -> 10.021908 | Y47: =I47/O47 -> 8.0503853 | Z47: =J47/O47 -> 7.8860917 | AA47: =K47/O47 -> 2.0550459 | AB47: =M47/O47 -> 2.5688073
A48: =UpgradedProtectorStats!A190+10 -> 521020 | B48: Hollow Warrior Armor +10 | C48: =UpgradedProtectorStats!C190 -> 8 | D48: =UpgradedProtectorStats!D190 -> 58.08 | E48: =UpgradedProtectorStats!E190 -> 38.72 | F48: =UpgradedProtectorStats!F190 -> 29.04 | G48: =UpgradedProtectorStats!G190 -> 41.14 | H48: =UpgradedProtectorStats!D190*(1+(UpgradedProtectorStats!H190/100)) -> 59.8224 | I48: =UpgradedProtectorStats!D190*(1+(UpgradedProtectorStats!I190/100)) -> 56.3376 | J48: =UpgradedProtectorStats!D190*(1+(UpgradedProtectorStats!J190/100)) -> 55.176 | K48: =UpgradedProtectorStats!K190 -> 18.2 | L48: =UpgradedProtectorStats!L190 -> 18.2 | M48: =UpgradedProtectorStats!M190 -> 18.2 | N48: =UpgradedProtectorStats!N190 -> 0 | O48: =UpgradedProtectorStats!O190 -> 6.6 | P48: =UpgradedProtectorStats!P190 -> 250 | Q48: =UpgradedProtectorStats!Q190 -> 0 | S48: =C48/O48 -> 1.2121212 | T48: =D48/O48 -> 8.8 | U48: =E48/O48 -> 5.8666667 | V48: =F48/O48 -> 4.4 | W48: =G48/O48 -> 6.2333333 | X48: =H48/O48 -> 9.064 | Y48: =I48/O48 -> 8.536 | Z48: =J48/O48 -> 8.36 | AA48: =K48/O48 -> 2.7575758 | AB48: =M48/O48 -> 2.7575758
A49: =UpgradedProtectorStats!A193+5 -> 531010 | B49: Giant Armor +5 | C49: =UpgradedProtectorStats!C193 -> 35 | D49: =UpgradedProtectorStats!D193 -> 111.6 | E49: =UpgradedProtectorStats!E193 -> 49.6 | F49: =UpgradedProtectorStats!F193 -> 74.4 | G49: =UpgradedProtectorStats!G193 -> 51.15 | H49: =UpgradedProtectorStats!D193*(1+(UpgradedProtectorStats!H193/100)) -> 126.108 | I49: =UpgradedProtectorStats!D193*(1+(UpgradedProtectorStats!I193/100)) -> 102.672 | J49: =UpgradedProtectorStats!D193*(1+(UpgradedProtectorStats!J193/100)) -> 111.6 | K49: =UpgradedProtectorStats!K193 -> 24.13 | L49: =UpgradedProtectorStats!L193 -> 24.13 | M49: =UpgradedProtectorStats!M193 -> 40.64 | N49: =UpgradedProtectorStats!N193 -> 0 | O49: =UpgradedProtectorStats!O193 -> 16.4 | P49: =UpgradedProtectorStats!P193 -> 600 | Q49: =UpgradedProtectorStats!Q193 -> -1 | S49: =C49/O49 -> 2.1341463 | T49: =D49/O49 -> 6.804878 | U49: =E49/O49 -> 3.0243902 | V49: =F49/O49 -> 4.5365854 | W49: =G49/O49 -> 3.1189024 | X49: =H49/O49 -> 7.6895122 | Y49: =I49/O49 -> 6.2604878 | Z49: =J49/O49 -> 6.804878 | AA49: =K49/O49 -> 1.4713415 | AB49: =M49/O49 -> 2.4780488
A50: =UpgradedProtectorStats!A197 -> 541000 | B50: Moonlight Robe | C50: =UpgradedProtectorStats!C197 -> 0 | D50: =UpgradedProtectorStats!D197 -> 20 | E50: =UpgradedProtectorStats!E197 -> 31 | F50: =UpgradedProtectorStats!F197 -> 17 | G50: =UpgradedProtectorStats!G197 -> 17 | H50: =UpgradedProtectorStats!D197*(1+(UpgradedProtectorStats!H197/100)) -> 20 | I50: =UpgradedProtectorStats!D197*(1+(UpgradedProtectorStats!I197/100)) -> 20 | J50: =UpgradedProtectorStats!D197*(1+(UpgradedProtectorStats!J197/100)) -> 20 | K50: =UpgradedProtectorStats!K197 -> 23 | L50: =UpgradedProtectorStats!L197 -> 23 | M50: =UpgradedProtectorStats!M197 -> 23 | N50: =UpgradedProtectorStats!N197 -> 31 | O50: =UpgradedProtectorStats!O197 -> 3.1 | P50: =UpgradedProtectorStats!P197 -> 80 | Q50: =UpgradedProtectorStats!Q197 -> 0 | S50: =C50/O50 -> 0 | T50: =D50/O50 -> 6.4516129 | U50: =E50/O50 -> 10 | V50: =F50/O50 -> 5.483871 | W50: =G50/O50 -> 5.483871 | X50: =H50/O50 -> 6.4516129 | Y50: =I50/O50 -> 6.4516129 | Z50: =J50/O50 -> 6.4516129 | AA50: =K50/O50 -> 7.4193548 | AB50: =M50/O50 -> 7.4193548
A51: =UpgradedProtectorStats!A201 -> 551000 | B51: Robe of the Great Lord | C51: =UpgradedProtectorStats!C201 -> 0 | D51: =UpgradedProtectorStats!D201 -> 32 | E51: =UpgradedProtectorStats!E201 -> 32 | F51: =UpgradedProtectorStats!F201 -> 41 | G51: =UpgradedProtectorStats!G201 -> 41 | H51: =UpgradedProtectorStats!D201*(1+(UpgradedProtectorStats!H201/100)) -> 36.8 | I51: =UpgradedProtectorStats!D201*(1+(UpgradedProtectorStats!I201/100)) -> 34.56 | J51: =UpgradedProtectorStats!D201*(1+(UpgradedProtectorStats!J201/100)) -> 29.44 | K51: =UpgradedProtectorStats!K201 -> 15 | L51: =UpgradedProtectorStats!L201 -> 15 | M51: =UpgradedProtectorStats!M201 -> 30 | N51: =UpgradedProtectorStats!N201 -> 40 | O51: =UpgradedProtectorStats!O201 -> 6 | P51: =UpgradedProtectorStats!P201 -> 400 | Q51: =UpgradedProtectorStats!Q201 -> 0 | S51: =C51/O51 -> 0 | T51: =D51/O51 -> 5.3333333 | U51: =E51/O51 -> 5.3333333 | V51: =F51/O51 -> 6.8333333 | W51: =G51/O51 -> 6.8333333 | X51: =H51/O51 -> 6.1333333 | Y51: =I51/O51 -> 5.76 | Z51: =J51/O51 -> 4.9066667 | AA51: =K51/O51 -> 2.5 | AB51: =M51/O51 -> 5
A52: =UpgradedProtectorStats!A213+10 -> 641020 | B52: Black Sorcerer Cloak +10 | C52: =UpgradedProtectorStats!C213 -> 0 | D52: =UpgradedProtectorStats!D213 -> 31.46 | E52: =UpgradedProtectorStats!E213 -> 67.76 | F52: =UpgradedProtectorStats!F213 -> 50.82 | G52: =UpgradedProtectorStats!G213 -> 50.82 | H52: =UpgradedProtectorStats!D213*(1+(UpgradedProtectorStats!H213/100)) -> 34.2914 | I52: =UpgradedProtectorStats!D213*(1+(UpgradedProtectorStats!I213/100)) -> 32.4038 | J52: =UpgradedProtectorStats!D213*(1+(UpgradedProtectorStats!J213/100)) -> 31.46 | K52: =UpgradedProtectorStats!K213 -> 43.4 | L52: =UpgradedProtectorStats!L213 -> 43.4 | M52: =UpgradedProtectorStats!M213 -> 43.4 | N52: =UpgradedProtectorStats!N213 -> 5.6 | O52: =UpgradedProtectorStats!O213 -> 1.8 | P52: =UpgradedProtectorStats!P213 -> 200 | Q52: =UpgradedProtectorStats!Q213 -> 0 | S52: =C52/O52 -> 0 | T52: =D52/O52 -> 17.477778 | U52: =E52/O52 -> 37.644444 | V52: =F52/O52 -> 28.233333 | W52: =G52/O52 -> 28.233333 | X52: =H52/O52 -> 19.050778 | Y52: =I52/O52 -> 18.002111 | Z52: =J52/O52 -> 17.477778 | AA52: =K52/O52 -> 24.111111 | AB52: =M52/O52 -> 24.111111
A53: =UpgradedProtectorStats!A217+10 -> 651020 | B53: Elite Cleric Armor +10 | C53: =UpgradedProtectorStats!C217 -> 23 | D53: =UpgradedProtectorStats!D217 -> 99.22 | E53: =UpgradedProtectorStats!E217 -> 55.66 | F53: =UpgradedProtectorStats!F217 -> 50.82 | G53: =UpgradedProtectorStats!G217 -> 36.3 | H53: =UpgradedProtectorStats!D217*(1+(UpgradedProtectorStats!H217/100)) -> 113.1108 | I53: =UpgradedProtectorStats!D217*(1+(UpgradedProtectorStats!I217/100)) -> 99.22 | J53: =UpgradedProtectorStats!D217*(1+(UpgradedProtectorStats!J217/100)) -> 99.22 | K53: =UpgradedProtectorStats!K217 -> 22.4 | L53: =UpgradedProtectorStats!L217 -> 22.4 | M53: =UpgradedProtectorStats!M217 -> 32.2 | N53: =UpgradedProtectorStats!N217 -> 0 | O53: =UpgradedProtectorStats!O217 -> 13.3 | P53: =UpgradedProtectorStats!P217 -> 500 | Q53: =UpgradedProtectorStats!Q217 -> -1 | S53: =C53/O53 -> 1.7293233 | T53: =D53/O53 -> 7.4601504 | U53: =E53/O53 -> 4.1849624 | V53: =F53/O53 -> 3.8210526 | W53: =G53/O53 -> 2.7293233 | X53: =H53/O53 -> 8.5045714 | Y53: =I53/O53 -> 7.4601504 | Z53: =J53/O53 -> 7.4601504 | AA53: =K53/O53 -> 1.6842105 | AB53: =M53/O53 -> 2.4210526
A54: =UpgradedProtectorStats!A221+5 -> 661010 | B54: Armor of Artorias +5 | C54: =UpgradedProtectorStats!C221 -> 15 | D54: =UpgradedProtectorStats!D221 -> 65.1 | E54: =UpgradedProtectorStats!E221 -> 34.1 | F54: =UpgradedProtectorStats!F221 -> 71.3 | G54: =UpgradedProtectorStats!G221 -> 34.1 | H54: =UpgradedProtectorStats!D221*(1+(UpgradedProtectorStats!H221/100)) -> 74.865 | I54: =UpgradedProtectorStats!D221*(1+(UpgradedProtectorStats!I221/100)) -> 58.59 | J54: =UpgradedProtectorStats!D221*(1+(UpgradedProtectorStats!J221/100)) -> 68.355 | K54: =UpgradedProtectorStats!K221 -> 27.94 | L54: =UpgradedProtectorStats!L221 -> 27.94 | M54: =UpgradedProtectorStats!M221 -> 27.94 | N54: =UpgradedProtectorStats!N221 -> 25.4 | O54: =UpgradedProtectorStats!O221 -> 10.5 | P54: =UpgradedProtectorStats!P221 -> 600 | Q54: =UpgradedProtectorStats!Q221 -> 0 | S54: =C54/O54 -> 1.4285714 | T54: =D54/O54 -> 6.2 | U54: =E54/O54 -> 3.247619 | V54: =F54/O54 -> 6.7904762 | W54: =G54/O54 -> 3.247619 | X54: =H54/O54 -> 7.13 | Y54: =I54/O54 -> 5.58 | Z54: =J54/O54 -> 6.51 | AA54: =K54/O54 -> 2.6609524 | AB54: =M54/O54 -> 2.6609524
A55: =UpgradedProtectorStats!A225+5 -> 671010 | B55: Lord's Blade Robe +5 | C55: =UpgradedProtectorStats!C225 -> 8 | D55: =UpgradedProtectorStats!D225 -> 52.7 | E55: =UpgradedProtectorStats!E225 -> 40.3 | F55: =UpgradedProtectorStats!F225 -> 49.6 | G55: =UpgradedProtectorStats!G225 -> 31 | H55: =UpgradedProtectorStats!D225*(1+(UpgradedProtectorStats!H225/100)) -> 55.335 | I55: =UpgradedProtectorStats!D225*(1+(UpgradedProtectorStats!I225/100)) -> 52.7 | J55: =UpgradedProtectorStats!D225*(1+(UpgradedProtectorStats!J225/100)) -> 57.97 | K55: =UpgradedProtectorStats!K225 -> 62.23 | L55: =UpgradedProtectorStats!L225 -> 62.23 | M55: =UpgradedProtectorStats!M225 -> 35.56 | N55: =UpgradedProtectorStats!N225 -> 31.75 | O55: =UpgradedProtectorStats!O225 -> 6.4 | P55: =UpgradedProtectorStats!P225 -> 250 | Q55: =UpgradedProtectorStats!Q225 -> 0 | S55: =C55/O55 -> 1.25 | T55: =D55/O55 -> 8.234375 | U55: =E55/O55 -> 6.296875 | V55: =F55/O55 -> 7.75 | W55: =G55/O55 -> 4.84375 | X55: =H55/O55 -> 8.6460938 | Y55: =I55/O55 -> 8.234375 | Z55: =J55/O55 -> 9.0578125 | AA55: =K55/O55 -> 9.7234375 | AB55: =M55/O55 -> 5.55625
A56: =UpgradedProtectorStats!A229+5 -> 681010 | B56: Gough's Armor +5 | C56: =UpgradedProtectorStats!C229 -> 19 | D56: =UpgradedProtectorStats!D229 -> 77.5 | E56: =UpgradedProtectorStats!E229 -> 43.4 | F56: =UpgradedProtectorStats!F229 -> 63.55 | G56: =UpgradedProtectorStats!G229 -> 32.55 | H56: =UpgradedProtectorStats!D229*(1+(UpgradedProtectorStats!H229/100)) -> 81.375 | I56: =UpgradedProtectorStats!D229*(1+(UpgradedProtectorStats!I229/100)) -> 77.5 | J56: =UpgradedProtectorStats!D229*(1+(UpgradedProtectorStats!J229/100)) -> 73.625 | K56: =UpgradedProtectorStats!K229 -> 15.24 | L56: =UpgradedProtectorStats!L229 -> 15.24 | M56: =UpgradedProtectorStats!M229 -> 26.67 | N56: =UpgradedProtectorStats!N229 -> 0 | O56: =UpgradedProtectorStats!O229 -> 13 | P56: =UpgradedProtectorStats!P229 -> 450 | Q56: =UpgradedProtectorStats!Q229 -> -1 | S56: =C56/O56 -> 1.4615385 | T56: =D56/O56 -> 5.9615385 | U56: =E56/O56 -> 3.3384615 | V56: =F56/O56 -> 4.8884615 | W56: =G56/O56 -> 2.5038462 | X56: =H56/O56 -> 6.2596154 | Y56: =I56/O56 -> 5.9615385 | Z56: =J56/O56 -> 5.6634615 | AA56: =K56/O56 -> 1.1723077 | AB56: =M56/O56 -> 2.0515385
A57: =UpgradedProtectorStats!A233 -> 691000 | B57: Guardian Armor | C57: =UpgradedProtectorStats!C233 -> 37 | D57: =UpgradedProtectorStats!D233 -> 86 | E57: =UpgradedProtectorStats!E233 -> 50 | F57: =UpgradedProtectorStats!F233 -> 42 | G57: =UpgradedProtectorStats!G233 -> 50 | H57: =UpgradedProtectorStats!D233*(1+(UpgradedProtectorStats!H233/100)) -> 98.9 | I57: =UpgradedProtectorStats!D233*(1+(UpgradedProtectorStats!I233/100)) -> 80.84 | J57: =UpgradedProtectorStats!D233*(1+(UpgradedProtectorStats!J233/100)) -> 86 | K57: =UpgradedProtectorStats!K233 -> 14 | L57: =UpgradedProtectorStats!L233 -> 14 | M57: =UpgradedProtectorStats!M233 -> 42 | N57: =UpgradedProtectorStats!N233 -> 0 | O57: =UpgradedProtectorStats!O233 -> 17 | P57: =UpgradedProtectorStats!P233 -> 800 | Q57: =UpgradedProtectorStats!Q233 -> -2 | S57: =C57/O57 -> 2.1764706 | T57: =D57/O57 -> 5.0588235 | U57: =E57/O57 -> 2.9411765 | V57: =F57/O57 -> 2.4705882 | W57: =G57/O57 -> 2.9411765 | X57: =H57/O57 -> 5.8176471 | Y57: =I57/O57 -> 4.7552941 | Z57: =J57/O57 -> 5.0588235 | AA57: =K57/O57 -> 0.82352941 | AB57: =M57/O57 -> 2.4705882
A58: =UpgradedProtectorStats!A237+5 -> 701010 | B58: Chester's Long Coat +5 | C58: =UpgradedProtectorStats!C237 -> 0 | D58: =UpgradedProtectorStats!D237 -> 41.85 | E58: =UpgradedProtectorStats!E237 -> 46.5 | F58: =UpgradedProtectorStats!F237 -> 32.55 | G58: =UpgradedProtectorStats!G237 -> 43.4 | H58: =UpgradedProtectorStats!D237*(1+(UpgradedProtectorStats!H237/100)) -> 41.85 | I58: =UpgradedProtectorStats!D237*(1+(UpgradedProtectorStats!I237/100)) -> 56.4975 | J58: =UpgradedProtectorStats!D237*(1+(UpgradedProtectorStats!J237/100)) -> 41.85 | K58: =UpgradedProtectorStats!K237 -> 40.64 | L58: =UpgradedProtectorStats!L237 -> 40.64 | M58: =UpgradedProtectorStats!M237 -> 55.88 | N58: =UpgradedProtectorStats!N237 -> 0 | O58: =UpgradedProtectorStats!O237 -> 4.5 | P58: =UpgradedProtectorStats!P237 -> 300 | Q58: =UpgradedProtectorStats!Q237 -> 0 | S58: =C58/O58 -> 0 | T58: =D58/O58 -> 9.3 | U58: =E58/O58 -> 10.333333 | V58: =F58/O58 -> 7.2333333 | W58: =G58/O58 -> 9.6444444 | X58: =H58/O58 -> 9.3 | Y58: =I58/O58 -> 12.555 | Z58: =J58/O58 -> 9.3 | AA58: =K58/O58 -> 9.0311111 | AB58: =M58/O58 -> 12.417778
A59: =UpgradedProtectorStats!A244 -> 901000 | B59: Body | C59: =UpgradedProtectorStats!C244 -> 0 | D59: =UpgradedProtectorStats!D244 -> 0 | E59: =UpgradedProtectorStats!E244 -> 0 | F59: =UpgradedProtectorStats!F244 -> 0 | G59: =UpgradedProtectorStats!G244 -> 0 | H59: =UpgradedProtectorStats!D244*(1+(UpgradedProtectorStats!H244/100)) -> 0 | I59: =UpgradedProtectorStats!D244*(1+(UpgradedProtectorStats!I244/100)) -> 0 | J59: =UpgradedProtectorStats!D244*(1+(UpgradedProtectorStats!J244/100)) -> 0 | K59: =UpgradedProtectorStats!K244 -> 0 | L59: =UpgradedProtectorStats!L244 -> 0 | M59: =UpgradedProtectorStats!M244 -> 0 | N59: =UpgradedProtectorStats!N244 -> 0 | O59: =UpgradedProtectorStats!O244 -> 0 | P59: =UpgradedProtectorStats!P244 -> 0 | Q59: =UpgradedProtectorStats!Q244 -> 0 | S59: =C59/O59 -> #DIV/0! | T59: =D59/O59 -> #DIV/0! | U59: =E59/O59 -> #DIV/0! | V59: =F59/O59 -> #DIV/0! | W59: =G59/O59 -> #DIV/0! | X59: =H59/O59 -> #DIV/0! | Y59: =I59/O59 -> #DIV/0! | Z59: =J59/O59 -> #DIV/0! | AA59: =K59/O59 -> #DIV/0! | AB59: =M59/O59 -> #DIV/0!
A60: =UpgradedProtectorStats!A248 -> 951000 | B60: No Travel Gear / Body | C60: =UpgradedProtectorStats!C248 -> 0 | D60: =UpgradedProtectorStats!D248 -> 0 | E60: =UpgradedProtectorStats!E248 -> 0 | F60: =UpgradedProtectorStats!F248 -> 0 | G60: =UpgradedProtectorStats!G248 -> 0 | H60: =UpgradedProtectorStats!D248*(1+(UpgradedProtectorStats!H248/100)) -> 0 | I60: =UpgradedProtectorStats!D248*(1+(UpgradedProtectorStats!I248/100)) -> 0 | J60: =UpgradedProtectorStats!D248*(1+(UpgradedProtectorStats!J248/100)) -> 0 | K60: =UpgradedProtectorStats!K248 -> 0 | L60: =UpgradedProtectorStats!L248 -> 0 | M60: =UpgradedProtectorStats!M248 -> 0 | N60: =UpgradedProtectorStats!N248 -> 0 | O60: =UpgradedProtectorStats!O248 -> 0 | P60: =UpgradedProtectorStats!P248 -> 10 | Q60: =UpgradedProtectorStats!Q248 -> 0 | S60: =C60/O60 -> #DIV/0! | T60: =D60/O60 -> #DIV/0! | U60: =E60/O60 -> #DIV/0! | V60: =F60/O60 -> #DIV/0! | W60: =G60/O60 -> #DIV/0! | X60: =H60/O60 -> #DIV/0! | Y60: =I60/O60 -> #DIV/0! | Z60: =J60/O60 -> #DIV/0! | AA60: =K60/O60 -> #DIV/0! | AB60: =M60/O60 -> #DIV/0!
A61: =UpgradedProtectorStats!A252 -> 1001000 | B61: Dragon Body | C61: =UpgradedProtectorStats!C252 -> 0 | D61: =UpgradedProtectorStats!D252 -> 0 | E61: =UpgradedProtectorStats!E252 -> 0 | F61: =UpgradedProtectorStats!F252 -> 0 | G61: =UpgradedProtectorStats!G252 -> 0 | H61: =UpgradedProtectorStats!D252*(1+(UpgradedProtectorStats!H252/100)) -> 0 | I61: =UpgradedProtectorStats!D252*(1+(UpgradedProtectorStats!I252/100)) -> 0 | J61: =UpgradedProtectorStats!D252*(1+(UpgradedProtectorStats!J252/100)) -> 0 | K61: =UpgradedProtectorStats!K252 -> 0 | L61: =UpgradedProtectorStats!L252 -> 0 | M61: =UpgradedProtectorStats!M252 -> 0 | N61: =UpgradedProtectorStats!N252 -> 0 | O61: =UpgradedProtectorStats!O252 -> 0 | P61: =UpgradedProtectorStats!P252 -> 0 | Q61: =UpgradedProtectorStats!Q252 -> 0 | S61: =C61/O61 -> #DIV/0! | T61: =D61/O61 -> #DIV/0! | U61: =E61/O61 -> #DIV/0! | V61: =F61/O61 -> #DIV/0! | W61: =G61/O61 -> #DIV/0! | X61: =H61/O61 -> #DIV/0! | Y61: =I61/O61 -> #DIV/0! | Z61: =J61/O61 -> #DIV/0! | AA61: =K61/O61 -> #DIV/0! | AB61: =M61/O61 -> #DIV/0!

Sheet Gloves
A1: ID | B1: Name | C1: Poise | D1: physDef | E1: magDef | F1: fireDef | G1: litngDef | H1: slashDef | I1: blowDef | J1: thrustDef | K1: poisonRes | L1: toxicRes | M1: bleedRes | N1: curseRes | O1: Weight | P1: Durability | Q1: RegPenalty | S1: Poise/Weight | T1: physDef/Weight | U1: magDef/Weight | V1: fireDef/Weight | W1: lingDef/Weight | X1: slash/Weight | Y1: blow/Weight | Z1: thrust/Weight | AA1: poison/Weight | AB1: bleed/Weight
A2: =UpgradedProtectorStats!A4+5 -> 12010 | B2: Catarina Gauntlets +5 | C2: =UpgradedProtectorStats!C4 -> 13 | D2: =UpgradedProtectorStats!D4 -> 52.7 | E2: =UpgradedProtectorStats!E4 -> 27.9 | F2: =UpgradedProtectorStats!F4 -> 32.55 | G2: =UpgradedProtectorStats!G4 -> 18.6 | H2: =UpgradedProtectorStats!D4*(1+(UpgradedProtectorStats!H4/100)) -> 60.605 | I2: =UpgradedProtectorStats!D4*(1+(UpgradedProtectorStats!I4/100)) -> 52.173 | J2: =UpgradedProtectorStats!D4*(1+(UpgradedProtectorStats!J4/100)) -> 52.7 | K2: =UpgradedProtectorStats!K4 -> 16.51 | L2: =UpgradedProtectorStats!L4 -> 16.51 | M2: =UpgradedProtectorStats!M4 -> 26.67 | N2: =UpgradedProtectorStats!N4 -> 0 | O2: =UpgradedProtectorStats!O4 -> 6.9 | P2: =UpgradedProtectorStats!P4 -> 400 | Q2: =UpgradedProtectorStats!Q4 -> -1 | S2: =C2/O2 -> 1.884058 | T2: =D2/O2 -> 7.6376812 | U2: =E2/O2 -> 4.0434783 | V2: =F2/O2 -> 4.7173913 | W2: =G2/O2 -> 2.6956522 | X2: =H2/O2 -> 8.7833333 | Y2: =I2/O2 -> 7.5613043 | Z2: =J2/O2 -> 7.6376812 | AA2: =K2/O2 -> 2.3927536 | AB2: =M2/O2 -> 3.8652174
A3: =UpgradedProtectorStats!A8+5 -> 22010 | B3: Paladin Gauntlets +5 | C3: =UpgradedProtectorStats!C8 -> 12 | D3: =UpgradedProtectorStats!D8 -> 54.25 | E3: =UpgradedProtectorStats!E8 -> 29.45 | F3: =UpgradedProtectorStats!F8 -> 32.55 | G3: =UpgradedProtectorStats!G8 -> 18.6 | H3: =UpgradedProtectorStats!D8*(1+(UpgradedProtectorStats!H8/100)) -> 62.3875 | I3: =UpgradedProtectorStats!D8*(1+(UpgradedProtectorStats!I8/100)) -> 51.5375 | J3: =UpgradedProtectorStats!D8*(1+(UpgradedProtectorStats!J8/100)) -> 54.25 | K3: =UpgradedProtectorStats!K8 -> 16.51 | L3: =UpgradedProtectorStats!L8 -> 16.51 | M3: =UpgradedProtectorStats!M8 -> 26.67 | N3: =UpgradedProtectorStats!N8 -> 43.18 | O3: =UpgradedProtectorStats!O8 -> 7.6 | P3: =UpgradedProtectorStats!P8 -> 500 | Q3: =UpgradedProtectorStats!Q8 -> -1 | S3: =C3/O3 -> 1.5789474 | T3: =D3/O3 -> 7.1381579 | U3: =E3/O3 -> 3.875 | V3: =F3/O3 -> 4.2828947 | W3: =G3/O3 -> 2.4473684 | X3: =H3/O3 -> 8.2088816 | Y3: =I3/O3 -> 6.78125 | Z3: =J3/O3 -> 7.1381579 | AA3: =K3/O3 -> 2.1723684 | AB3: =M3/O3 -> 3.5092105
A4: =UpgradedProtectorStats!A12+5 -> 42010 | B4: Dark Gauntlets +5 | C4: =UpgradedProtectorStats!C12 -> 9 | D4: =UpgradedProtectorStats!D12 -> 41.85 | E4: =UpgradedProtectorStats!E12 -> 27.9 | F4: =UpgradedProtectorStats!F12 -> 27.9 | G4: =UpgradedProtectorStats!G12 -> 23.25 | H4: =UpgradedProtectorStats!D12*(1+(UpgradedProtectorStats!H12/100)) -> 46.035 | I4: =UpgradedProtectorStats!D12*(1+(UpgradedProtectorStats!I12/100)) -> 41.85 | J4: =UpgradedProtectorStats!D12*(1+(UpgradedProtectorStats!J12/100)) -> 39.339 | K4: =UpgradedProtectorStats!K12 -> 15.24 | L4: =UpgradedProtectorStats!L12 -> 15.24 | M4: =UpgradedProtectorStats!M12 -> 22.86 | N4: =UpgradedProtectorStats!N12 -> 0 | O4: =UpgradedProtectorStats!O12 -> 5.8 | P4: =UpgradedProtectorStats!P12 -> 300 | Q4: =UpgradedProtectorStats!Q12 -> 0 | S4: =C4/O4 -> 1.5517241 | T4: =D4/O4 -> 7.2155172 | U4: =E4/O4 -> 4.8103448 | V4: =F4/O4 -> 4.8103448 | W4: =G4/O4 -> 4.0086207 | X4: =H4/O4 -> 7.937069 | Y4: =I4/O4 -> 7.2155172 | Z4: =J4/O4 -> 6.7825862 | AA4: =K4/O4 -> 2.6275862 | AB4: =M4/O4 -> 3.9413793
A5: =UpgradedProtectorStats!A16+10 -> 52020 | B5: Brigand Gauntlets +10 | C5: =UpgradedProtectorStats!C16 -> 0 | D5: =UpgradedProtectorStats!D16 -> 33.88 | E5: =UpgradedProtectorStats!E16 -> 29.04 | F5: =UpgradedProtectorStats!F16 -> 19.36 | G5: =UpgradedProtectorStats!G16 -> 24.2 | H5: =UpgradedProtectorStats!D16*(1+(UpgradedProtectorStats!H16/100)) -> 33.88 | I5: =UpgradedProtectorStats!D16*(1+(UpgradedProtectorStats!I16/100)) -> 37.268 | J5: =UpgradedProtectorStats!D16*(1+(UpgradedProtectorStats!J16/100)) -> 30.492 | K5: =UpgradedProtectorStats!K16 -> 16.8 | L5: =UpgradedProtectorStats!L16 -> 16.8 | M5: =UpgradedProtectorStats!M16 -> 16.8 | N5: =UpgradedProtectorStats!N16 -> 0 | O5: =UpgradedProtectorStats!O16 -> 1.8 | P5: =UpgradedProtectorStats!P16 -> 200 | Q5: =UpgradedProtectorStats!Q16 -> 0 | S5: =C5/O5 -> 0 | T5: =D5/O5 -> 18.822222 | U5: =E5/O5 -> 16.133333 | V5: =F5/O5 -> 10.755556 | W5: =G5/O5 -> 13.444444 | X5: =H5/O5 -> 18.822222 | Y5: =I5/O5 -> 20.704444 | Z5: =J5/O5 -> 16.94 | AA5: =K5/O5 -> 9.3333333 | AB5: =M5/O5 -> 9.3333333
A6: =UpgradedProtectorStats!A20+5 -> 62010 | B6: Shadow Gauntlets +5 | C6: =UpgradedProtectorStats!C20 -> 0 | D6: =UpgradedProtectorStats!D20 -> 31.46 | E6: =UpgradedProtectorStats!E20 -> 16.94 | F6: =UpgradedProtectorStats!F20 -> 21.78 | G6: =UpgradedProtectorStats!G20 -> 24.2 | H6: =UpgradedProtectorStats!D20*(1+(UpgradedProtectorStats!H20/100)) -> 31.46 | I6: =UpgradedProtectorStats!D20*(1+(UpgradedProtectorStats!I20/100)) -> 34.606 | J6: =UpgradedProtectorStats!D20*(1+(UpgradedProtectorStats!J20/100)) -> 31.46 | K6: =UpgradedProtectorStats!K20 -> 39.2 | L6: =UpgradedProtectorStats!L20 -> 39.2 | M6: =UpgradedProtectorStats!M20 -> 32.2 | N6: =UpgradedProtectorStats!N20 -> 0 | O6: =UpgradedProtectorStats!O20 -> 1.4 | P6: =UpgradedProtectorStats!P20 -> 200 | Q6: =UpgradedProtectorStats!Q20 -> 0 | S6: =C6/O6 -> 0 | T6: =D6/O6 -> 22.471429 | U6: =E6/O6 -> 12.1 | V6: =F6/O6 -> 15.557143 | W6: =G6/O6 -> 17.285714 | X6: =H6/O6 -> 22.471429 | Y6: =I6/O6 -> 24.718571 | Z6: =J6/O6 -> 22.471429 | AA6: =K6/O6 -> 28 | AB6: =M6/O6 -> 23
A7: =UpgradedProtectorStats!A24+5 -> 72010 | B7: Black Iron Gauntlets +5 | C7: =UpgradedProtectorStats!C24 -> 18 | D7: =UpgradedProtectorStats!D24 -> 96.8 | E7: =UpgradedProtectorStats!E24 -> 41.14 | F7: =UpgradedProtectorStats!F24 -> 72.6 | G7: =UpgradedProtectorStats!G24 -> 31.46 | H7: =UpgradedProtectorStats!D24*(1+(UpgradedProtectorStats!H24/100)) -> 111.32 | I7: =UpgradedProtectorStats!D24*(1+(UpgradedProtectorStats!I24/100)) -> 91.96 | J7: =UpgradedProtectorStats!D24*(1+(UpgradedProtectorStats!J24/100)) -> 96.8 | K7: =UpgradedProtectorStats!K24 -> 19.6 | L7: =UpgradedProtectorStats!L24 -> 19.6 | M7: =UpgradedProtectorStats!M24 -> 35 | N7: =UpgradedProtectorStats!N24 -> 11.2 | O7: =UpgradedProtectorStats!O24 -> 9.2 | P7: =UpgradedProtectorStats!P24 -> 600 | Q7: =UpgradedProtectorStats!Q24 -> -1 | S7: =C7/O7 -> 1.9565217 | T7: =D7/O7 -> 10.521739 | U7: =E7/O7 -> 4.4717391 | V7: =F7/O7 -> 7.8913043 | W7: =G7/O7 -> 3.4195652 | X7: =H7/O7 -> 12.1 | Y7: =I7/O7 -> 9.9956522 | Z7: =J7/O7 -> 10.521739 | AA7: =K7/O7 -> 2.1304348 | AB7: =M7/O7 -> 3.8043478
A8: =UpgradedProtectorStats!A28 -> 82000 | B8: Smough's Gauntlets | C8: =UpgradedProtectorStats!C28 -> 21 | D8: =UpgradedProtectorStats!D28 -> 61 | E8: =UpgradedProtectorStats!E28 -> 31 | F8: =UpgradedProtectorStats!F28 -> 40 | G8: =UpgradedProtectorStats!G28 -> 33 | H8: =UpgradedProtectorStats!D28*(1+(UpgradedProtectorStats!H28/100)) -> 70.15 | I8: =UpgradedProtectorStats!D28*(1+(UpgradedProtectorStats!I28/100)) -> 53.07 | J8: =UpgradedProtectorStats!D28*(1+(UpgradedProtectorStats!J28/100)) -> 61 | K8: =UpgradedProtectorStats!K28 -> 16 | L8: =UpgradedProtectorStats!L28 -> 16 | M8: =UpgradedProtectorStats!M28 -> 33 | N8: =UpgradedProtectorStats!N28 -> 5 | O8: =UpgradedProtectorStats!O28 -> 10.4 | P8: =UpgradedProtectorStats!P28 -> 700 | Q8: =UpgradedProtectorStats!Q28 -> -1 | S8: =C8/O8 -> 2.0192308 | T8: =D8/O8 -> 5.8653846 | U8: =E8/O8 -> 2.9807692 | V8: =F8/O8 -> 3.8461538 | W8: =G8/O8 -> 3.1730769 | X8: =H8/O8 -> 6.7451923 | Y8: =I8/O8 -> 5.1028846 | Z8: =J8/O8 -> 5.8653846 | AA8: =K8/O8 -> 1.5384615 | AB8: =M8/O8 -> 3.1730769
A9: =UpgradedProtectorStats!A32 -> 92000 | B9: Gauntlets of the Channelers | C9: =UpgradedProtectorStats!C32 -> 3 | D9: =UpgradedProtectorStats!D32 -> 17 | E9: =UpgradedProtectorStats!E32 -> 13 | F9: =UpgradedProtectorStats!F32 -> 13 | G9: =UpgradedProtectorStats!G32 -> 10 | H9: =UpgradedProtectorStats!D32*(1+(UpgradedProtectorStats!H32/100)) -> 19.38 | I9: =UpgradedProtectorStats!D32*(1+(UpgradedProtectorStats!I32/100)) -> 16.32 | J9: =UpgradedProtectorStats!D32*(1+(UpgradedProtectorStats!J32/100)) -> 17 | K9: =UpgradedProtectorStats!K32 -> 10 | L9: =UpgradedProtectorStats!L32 -> 10 | M9: =UpgradedProtectorStats!M32 -> 12 | N9: =UpgradedProtectorStats!N32 -> 0 | O9: =UpgradedProtectorStats!O32 -> 3 | P9: =UpgradedProtectorStats!P32 -> 300 | Q9: =UpgradedProtectorStats!Q32 -> 0 | S9: =C9/O9 -> 1 | T9: =D9/O9 -> 5.6666667 | U9: =E9/O9 -> 4.3333333 | V9: =F9/O9 -> 4.3333333 | W9: =G9/O9 -> 3.3333333 | X9: =H9/O9 -> 6.46 | Y9: =I9/O9 -> 5.44 | Z9: =J9/O9 -> 5.6666667 | AA9: =K9/O9 -> 3.3333333 | AB9: =M9/O9 -> 4
A10: =UpgradedProtectorStats!A36+5 -> 102010 | B10: Gauntlets of Favor +5 | C10: =UpgradedProtectorStats!C36 -> 8 | D10: =UpgradedProtectorStats!D36 -> 32.55 | E10: =UpgradedProtectorStats!E36 -> 15.5 | F10: =UpgradedProtectorStats!F36 -> 18.6 | G10: =UpgradedProtectorStats!G36 -> 12.4 | H10: =UpgradedProtectorStats!D36*(1+(UpgradedProtectorStats!H36/100)) -> 37.758 | I10: =UpgradedProtectorStats!D36*(1+(UpgradedProtectorStats!I36/100)) -> 30.9225 | J10: =UpgradedProtectorStats!D36*(1+(UpgradedProtectorStats!J36/100)) -> 32.55 | K10: =UpgradedProtectorStats!K36 -> 12.7 | L10: =UpgradedProtectorStats!L36 -> 12.7 | M10: =UpgradedProtectorStats!M36 -> 13.97 | N10: =UpgradedProtectorStats!N36 -> 12.7 | O10: =UpgradedProtectorStats!O36 -> 5 | P10: =UpgradedProtectorStats!P36 -> 500 | Q10: =UpgradedProtectorStats!Q36 -> 0 | S10: =C10/O10 -> 1.6 | T10: =D10/O10 -> 6.51 | U10: =E10/O10 -> 3.1 | V10: =F10/O10 -> 3.72 | W10: =G10/O10 -> 2.48 | X10: =H10/O10 -> 7.5516 | Y10: =I10/O10 -> 6.1845 | Z10: =J10/O10 -> 6.51 | AA10: =K10/O10 -> 2.54 | AB10: =M10/O10 -> 2.794
A11: =UpgradedProtectorStats!A40 -> 112000 | B11: Gauntlets of the Vanquisher | C11: =UpgradedProtectorStats!C40 -> 4 | D11: =UpgradedProtectorStats!D40 -> 11 | E11: =UpgradedProtectorStats!E40 -> 7 | F11: =UpgradedProtectorStats!F40 -> 7 | G11: =UpgradedProtectorStats!G40 -> 6 | H11: =UpgradedProtectorStats!D40*(1+(UpgradedProtectorStats!H40/100)) -> 12.65 | I11: =UpgradedProtectorStats!D40*(1+(UpgradedProtectorStats!I40/100)) -> 10.45 | J11: =UpgradedProtectorStats!D40*(1+(UpgradedProtectorStats!J40/100)) -> 11 | K11: =UpgradedProtectorStats!K40 -> 5 | L11: =UpgradedProtectorStats!L40 -> 5 | M11: =UpgradedProtectorStats!M40 -> 6 | N11: =UpgradedProtectorStats!N40 -> 4 | O11: =UpgradedProtectorStats!O40 -> 3 | P11: =UpgradedProtectorStats!P40 -> 500 | Q11: =UpgradedProtectorStats!Q40 -> 0 | S11: =C11/O11 -> 1.3333333 | T11: =D11/O11 -> 3.6666667 | U11: =E11/O11 -> 2.3333333 | V11: =F11/O11 -> 2.3333333 | W11: =G11/O11 -> 2 | X11: =H11/O11 -> 4.2166667 | Y11: =I11/O11 -> 3.4833333 | Z11: =J11/O11 -> 3.6666667 | AA11: =K11/O11 -> 1.6666667 | AB11: =M11/O11 -> 2
A12: =UpgradedProtectorStats!A44 -> 122000 | B12: Stone Gauntlets | C12: =UpgradedProtectorStats!C44 -> 23 | D12: =UpgradedProtectorStats!D44 -> 54 | E12: =UpgradedProtectorStats!E44 -> 27 | F12: =UpgradedProtectorStats!F44 -> 33 | G12: =UpgradedProtectorStats!G44 -> 33 | H12: =UpgradedProtectorStats!D44*(1+(UpgradedProtectorStats!H44/100)) -> 62.1 | I12: =UpgradedProtectorStats!D44*(1+(UpgradedProtectorStats!I44/100)) -> 50.76 | J12: =UpgradedProtectorStats!D44*(1+(UpgradedProtectorStats!J44/100)) -> 54 | K12: =UpgradedProtectorStats!K44 -> 10 | L12: =UpgradedProtectorStats!L44 -> 10 | M12: =UpgradedProtectorStats!M44 -> 27 | N12: =UpgradedProtectorStats!N44 -> 0 | O12: =UpgradedProtectorStats!O44 -> 10.4 | P12: =UpgradedProtectorStats!P44 -> 800 | Q12: =UpgradedProtectorStats!Q44 -> -1 | S12: =C12/O12 -> 2.2115385 | T12: =D12/O12 -> 5.1923077 | U12: =E12/O12 -> 2.5961538 | V12: =F12/O12 -> 3.1730769 | W12: =G12/O12 -> 3.1730769 | X12: =H12/O12 -> 5.9711538 | Y12: =I12/O12 -> 4.8807692 | Z12: =J12/O12 -> 5.1923077 | AA12: =K12/O12 -> 0.96153846 | AB12: =M12/O12 -> 2.5961538
A13: =UpgradedProtectorStats!A48 -> 132000 | B13: Crystalline Gauntlets | C13: =UpgradedProtectorStats!C48 -> 9 | D13: =UpgradedProtectorStats!D48 -> 37 | E13: =UpgradedProtectorStats!E48 -> 12 | F13: =UpgradedProtectorStats!F48 -> 9 | G13: =UpgradedProtectorStats!G48 -> 4 | H13: =UpgradedProtectorStats!D48*(1+(UpgradedProtectorStats!H48/100)) -> 42.55 | I13: =UpgradedProtectorStats!D48*(1+(UpgradedProtectorStats!I48/100)) -> 31.45 | J13: =UpgradedProtectorStats!D48*(1+(UpgradedProtectorStats!J48/100)) -> 37 | K13: =UpgradedProtectorStats!K48 -> 0 | L13: =UpgradedProtectorStats!L48 -> 0 | M13: =UpgradedProtectorStats!M48 -> 9 | N13: =UpgradedProtectorStats!N48 -> 0 | O13: =UpgradedProtectorStats!O48 -> 6.4 | P13: =UpgradedProtectorStats!P48 -> 150 | Q13: =UpgradedProtectorStats!Q48 -> 0 | S13: =C13/O13 -> 1.40625 | T13: =D13/O13 -> 5.78125 | U13: =E13/O13 -> 1.875 | V13: =F13/O13 -> 1.40625 | W13: =G13/O13 -> 0.625 | X13: =H13/O13 -> 6.6484375 | Y13: =I13/O13 -> 4.9140625 | Z13: =J13/O13 -> 5.78125 | AA13: =K13/O13 -> 0 | AB13: =M13/O13 -> 1.40625
A14: =UpgradedProtectorStats!A52+5 -> 142010 | B14: Crimson Gloves +5 | C14: =UpgradedProtectorStats!C52 -> 0 | D14: =UpgradedProtectorStats!D52 -> 10.85 | E14: =UpgradedProtectorStats!E52 -> 10.85 | F14: =UpgradedProtectorStats!F52 -> 6.2 | G14: =UpgradedProtectorStats!G52 -> 7.75 | H14: =UpgradedProtectorStats!D52*(1+(UpgradedProtectorStats!H52/100)) -> 10.85 | I14: =UpgradedProtectorStats!D52*(1+(UpgradedProtectorStats!I52/100)) -> 11.935 | J14: =UpgradedProtectorStats!D52*(1+(UpgradedProtectorStats!J52/100)) -> 10.85 | K14: =UpgradedProtectorStats!K52 -> 5.08 | L14: =UpgradedProtectorStats!L52 -> 5.08 | M14: =UpgradedProtectorStats!M52 -> 5.08 | N14: =UpgradedProtectorStats!N52 -> 5.08 | O14: =UpgradedProtectorStats!O52 -> 0.8 | P14: =UpgradedProtectorStats!P52 -> 400 | Q14: =UpgradedProtectorStats!Q52 -> 0 | S14: =C14/O14 -> 0 | T14: =D14/O14 -> 13.5625 | U14: =E14/O14 -> 13.5625 | V14: =F14/O14 -> 7.75 | W14: =G14/O14 -> 9.6875 | X14: =H14/O14 -> 13.5625 | Y14: =I14/O14 -> 14.91875 | Z14: =J14/O14 -> 13.5625 | AA14: =K14/O14 -> 6.35 | AB14: =M14/O14 -> 6.35
A15: =UpgradedProtectorStats!A56+5 -> 152010 | B15: Black Manchette +5 | C15: =UpgradedProtectorStats!C56 -> 0 | D15: =UpgradedProtectorStats!D56 -> 17.05 | E15: =UpgradedProtectorStats!E56 -> 21.7 | F15: =UpgradedProtectorStats!F56 -> 17.05 | G15: =UpgradedProtectorStats!G56 -> 13.95 | H15: =UpgradedProtectorStats!D56*(1+(UpgradedProtectorStats!H56/100)) -> 17.05 | I15: =UpgradedProtectorStats!D56*(1+(UpgradedProtectorStats!I56/100)) -> 18.5845 | J15: =UpgradedProtectorStats!D56*(1+(UpgradedProtectorStats!J56/100)) -> 17.05 | K15: =UpgradedProtectorStats!K56 -> 12.7 | L15: =UpgradedProtectorStats!L56 -> 12.7 | M15: =UpgradedProtectorStats!M56 -> 12.7 | N15: =UpgradedProtectorStats!N56 -> 6.35 | O15: =UpgradedProtectorStats!O56 -> 1.8 | P15: =UpgradedProtectorStats!P56 -> 400 | Q15: =UpgradedProtectorStats!Q56 -> 0 | S15: =C15/O15 -> 0 | T15: =D15/O15 -> 9.4722222 | U15: =E15/O15 -> 12.055556 | V15: =F15/O15 -> 9.4722222 | W15: =G15/O15 -> 7.75 | X15: =H15/O15 -> 9.4722222 | Y15: =I15/O15 -> 10.324722 | Z15: =J15/O15 -> 9.4722222 | AA15: =K15/O15 -> 7.0555556 | AB15: =M15/O15 -> 7.0555556
A16: =UpgradedProtectorStats!A60+10 -> 162020 | B16: Iron Bracelet +10 | C16: =UpgradedProtectorStats!C60 -> 7 | D16: =UpgradedProtectorStats!D60 -> 41.14 | E16: =UpgradedProtectorStats!E60 -> 24.2 | F16: =UpgradedProtectorStats!F60 -> 24.2 | G16: =UpgradedProtectorStats!G60 -> 21.78 | H16: =UpgradedProtectorStats!D60*(1+(UpgradedProtectorStats!H60/100)) -> 41.14 | I16: =UpgradedProtectorStats!D60*(1+(UpgradedProtectorStats!I60/100)) -> 41.14 | J16: =UpgradedProtectorStats!D60*(1+(UpgradedProtectorStats!J60/100)) -> 40.3172 | K16: =UpgradedProtectorStats!K60 -> 9.8 | L16: =UpgradedProtectorStats!L60 -> 9.8 | M16: =UpgradedProtectorStats!M60 -> 15.4 | N16: =UpgradedProtectorStats!N60 -> 2.8 | O16: =UpgradedProtectorStats!O60 -> 4.3 | P16: =UpgradedProtectorStats!P60 -> 350 | Q16: =UpgradedProtectorStats!Q60 -> 0 | S16: =C16/O16 -> 1.627907 | T16: =D16/O16 -> 9.5674419 | U16: =E16/O16 -> 5.627907 | V16: =F16/O16 -> 5.627907 | W16: =G16/O16 -> 5.0651163 | X16: =H16/O16 -> 9.5674419 | Y16: =I16/O16 -> 9.5674419 | Z16: =J16/O16 -> 9.376093 | AA16: =K16/O16 -> 2.2790698 | AB16: =M16/O16 -> 3.5813953
A17: =UpgradedProtectorStats!A64+10 -> 172020 | B17: Leather Gauntlets +10 | C17: =UpgradedProtectorStats!C64 -> 5 | D17: =UpgradedProtectorStats!D64 -> 29.04 | E17: =UpgradedProtectorStats!E64 -> 24.2 | F17: =UpgradedProtectorStats!F64 -> 19.36 | G17: =UpgradedProtectorStats!G64 -> 9.68 | H17: =UpgradedProtectorStats!D64*(1+(UpgradedProtectorStats!H64/100)) -> 34.848 | I17: =UpgradedProtectorStats!D64*(1+(UpgradedProtectorStats!I64/100)) -> 29.04 | J17: =UpgradedProtectorStats!D64*(1+(UpgradedProtectorStats!J64/100)) -> 28.1688 | K17: =UpgradedProtectorStats!K64 -> 9.8 | L17: =UpgradedProtectorStats!L64 -> 9.8 | M17: =UpgradedProtectorStats!M64 -> 16.8 | N17: =UpgradedProtectorStats!N64 -> 0 | O17: =UpgradedProtectorStats!O64 -> 3.6 | P17: =UpgradedProtectorStats!P64 -> 300 | Q17: =UpgradedProtectorStats!Q64 -> 0 | S17: =C17/O17 -> 1.3888889 | T17: =D17/O17 -> 8.0666667 | U17: =E17/O17 -> 6.7222222 | V17: =F17/O17 -> 5.3777778 | W17: =G17/O17 -> 2.6888889 | X17: =H17/O17 -> 9.68 | Y17: =I17/O17 -> 8.0666667 | Z17: =J17/O17 -> 7.8246667 | AA17: =K17/O17 -> 2.7222222 | AB17: =M17/O17 -> 4.6666667
A18: =UpgradedProtectorStats!A68+10 -> 182020 | B18: Cleric Gauntlets +10 | C18: =UpgradedProtectorStats!C68 -> 12 | D18: =UpgradedProtectorStats!D68 -> 58.08 | E18: =UpgradedProtectorStats!E68 -> 31.46 | F18: =UpgradedProtectorStats!F68 -> 29.04 | G18: =UpgradedProtectorStats!G68 -> 21.78 | H18: =UpgradedProtectorStats!D68*(1+(UpgradedProtectorStats!H68/100)) -> 66.792 | I18: =UpgradedProtectorStats!D68*(1+(UpgradedProtectorStats!I68/100)) -> 58.08 | J18: =UpgradedProtectorStats!D68*(1+(UpgradedProtectorStats!J68/100)) -> 58.08 | K18: =UpgradedProtectorStats!K68 -> 12.6 | L18: =UpgradedProtectorStats!L68 -> 12.6 | M18: =UpgradedProtectorStats!M68 -> 19.6 | N18: =UpgradedProtectorStats!N68 -> 0 | O18: =UpgradedProtectorStats!O68 -> 7.4 | P18: =UpgradedProtectorStats!P68 -> 500 | Q18: =UpgradedProtectorStats!Q68 -> -1 | S18: =C18/O18 -> 1.6216216 | T18: =D18/O18 -> 7.8486486 | U18: =E18/O18 -> 4.2513514 | V18: =F18/O18 -> 3.9243243 | W18: =G18/O18 -> 2.9432432 | X18: =H18/O18 -> 9.0259459 | Y18: =I18/O18 -> 7.8486486 | Z18: =J18/O18 -> 7.8486486 | AA18: =K18/O18 -> 1.7027027 | AB18: =M18/O18 -> 2.6486486
A19: =UpgradedProtectorStats!A73+5 -> 202010 | B19: Gauntlets of Thorns +5 | C19: =UpgradedProtectorStats!C73 -> 9 | D19: =UpgradedProtectorStats!D73 -> 40.3 | E19: =UpgradedProtectorStats!E73 -> 24.8 | F19: =UpgradedProtectorStats!F73 -> 27.9 | G19: =UpgradedProtectorStats!G73 -> 18.6 | H19: =UpgradedProtectorStats!D73*(1+(UpgradedProtectorStats!H73/100)) -> 43.927 | I19: =UpgradedProtectorStats!D73*(1+(UpgradedProtectorStats!I73/100)) -> 38.285 | J19: =UpgradedProtectorStats!D73*(1+(UpgradedProtectorStats!J73/100)) -> 40.3 | K19: =UpgradedProtectorStats!K73 -> 12.7 | L19: =UpgradedProtectorStats!L73 -> 12.7 | M19: =UpgradedProtectorStats!M73 -> 20.32 | N19: =UpgradedProtectorStats!N73 -> 0 | O19: =UpgradedProtectorStats!O73 -> 6.2 | P19: =UpgradedProtectorStats!P73 -> 250 | Q19: =UpgradedProtectorStats!Q73 -> 0 | S19: =C19/O19 -> 1.4516129 | T19: =D19/O19 -> 6.5 | U19: =E19/O19 -> 4 | V19: =F19/O19 -> 4.5 | W19: =G19/O19 -> 3 | X19: =H19/O19 -> 7.085 | Y19: =I19/O19 -> 6.175 | Z19: =J19/O19 -> 6.5 | AA19: =K19/O19 -> 2.0483871 | AB19: =M19/O19 -> 3.2774194
A20: =UpgradedProtectorStats!A77+10 -> 212020 | B20: Hard Leather Gauntlets +10 | C20: =UpgradedProtectorStats!C77 -> 0 | D20: =UpgradedProtectorStats!D77 -> 31.46 | E20: =UpgradedProtectorStats!E77 -> 29.04 | F20: =UpgradedProtectorStats!F77 -> 16.94 | G20: =UpgradedProtectorStats!G77 -> 31.46 | H20: =UpgradedProtectorStats!D77*(1+(UpgradedProtectorStats!H77/100)) -> 31.46 | I20: =UpgradedProtectorStats!D77*(1+(UpgradedProtectorStats!I77/100)) -> 33.3476 | J20: =UpgradedProtectorStats!D77*(1+(UpgradedProtectorStats!J77/100)) -> 31.46 | K20: =UpgradedProtectorStats!K77 -> 16.8 | L20: =UpgradedProtectorStats!L77 -> 16.8 | M20: =UpgradedProtectorStats!M77 -> 19.6 | N20: =UpgradedProtectorStats!N77 -> 0 | O20: =UpgradedProtectorStats!O77 -> 3.5 | P20: =UpgradedProtectorStats!P77 -> 250 | Q20: =UpgradedProtectorStats!Q77 -> 0 | S20: =C20/O20 -> 0 | T20: =D20/O20 -> 8.9885714 | U20: =E20/O20 -> 8.2971429 | V20: =F20/O20 -> 4.84 | W20: =G20/O20 -> 8.9885714 | X20: =H20/O20 -> 8.9885714 | Y20: =I20/O20 -> 9.5278857 | Z20: =J20/O20 -> 8.9885714 | AA20: =K20/O20 -> 4.8 | AB20: =M20/O20 -> 5.6
A21: =UpgradedProtectorStats!A81+10 -> 222020 | B21: Sorcerer Gauntlets +10 | C21: =UpgradedProtectorStats!C81 -> 0 | D21: =UpgradedProtectorStats!D81 -> 29.04 | E21: =UpgradedProtectorStats!E81 -> 38.72 | F21: =UpgradedProtectorStats!F81 -> 19.36 | G21: =UpgradedProtectorStats!G81 -> 24.2 | H21: =UpgradedProtectorStats!D81*(1+(UpgradedProtectorStats!H81/100)) -> 30.2016 | I21: =UpgradedProtectorStats!D81*(1+(UpgradedProtectorStats!I81/100)) -> 31.3632 | J21: =UpgradedProtectorStats!D81*(1+(UpgradedProtectorStats!J81/100)) -> 29.04 | K21: =UpgradedProtectorStats!K81 -> 9.8 | L21: =UpgradedProtectorStats!L81 -> 9.8 | M21: =UpgradedProtectorStats!M81 -> 12.6 | N21: =UpgradedProtectorStats!N81 -> 0 | O21: =UpgradedProtectorStats!O81 -> 1.4 | P21: =UpgradedProtectorStats!P81 -> 200 | Q21: =UpgradedProtectorStats!Q81 -> 0 | S21: =C21/O21 -> 0 | T21: =D21/O21 -> 20.742857 | U21: =E21/O21 -> 27.657143 | V21: =F21/O21 -> 13.828571 | W21: =G21/O21 -> 17.285714 | X21: =H21/O21 -> 21.572571 | Y21: =I21/O21 -> 22.402286 | Z21: =J21/O21 -> 20.742857 | AA21: =K21/O21 -> 7 | AB21: =M21/O21 -> 9
A22: =UpgradedProtectorStats!A85+10 -> 232020 | B22: Tattered Cloth Manchette +10 | C22: =UpgradedProtectorStats!C85 -> 0 | D22: =UpgradedProtectorStats!D85 -> 29.04 | E22: =UpgradedProtectorStats!E85 -> 33.88 | F22: =UpgradedProtectorStats!F85 -> 43.56 | G22: =UpgradedProtectorStats!G85 -> 24.2 | H22: =UpgradedProtectorStats!D85*(1+(UpgradedProtectorStats!H85/100)) -> 29.04 | I22: =UpgradedProtectorStats!D85*(1+(UpgradedProtectorStats!I85/100)) -> 32.2344 | J22: =UpgradedProtectorStats!D85*(1+(UpgradedProtectorStats!J85/100)) -> 29.04 | K22: =UpgradedProtectorStats!K85 -> 49 | L22: =UpgradedProtectorStats!L85 -> 49 | M22: =UpgradedProtectorStats!M85 -> 19.6 | N22: =UpgradedProtectorStats!N85 -> 1.4 | O22: =UpgradedProtectorStats!O85 -> 1.6 | P22: =UpgradedProtectorStats!P85 -> 400 | Q22: =UpgradedProtectorStats!Q85 -> 0 | S22: =C22/O22 -> 0 | T22: =D22/O22 -> 18.15 | U22: =E22/O22 -> 21.175 | V22: =F22/O22 -> 27.225 | W22: =G22/O22 -> 15.125 | X22: =H22/O22 -> 18.15 | Y22: =I22/O22 -> 20.1465 | Z22: =J22/O22 -> 18.15 | AA22: =K22/O22 -> 30.625 | AB22: =M22/O22 -> 12.25
A23: =UpgradedProtectorStats!A89+10 -> 242020 | B23: Leather Gloves +10 | C23: =UpgradedProtectorStats!C89 -> 0 | D23: =UpgradedProtectorStats!D89 -> 29.04 | E23: =UpgradedProtectorStats!E89 -> 29.04 | F23: =UpgradedProtectorStats!F89 -> 14.52 | G23: =UpgradedProtectorStats!G89 -> 31.46 | H23: =UpgradedProtectorStats!D89*(1+(UpgradedProtectorStats!H89/100)) -> 29.04 | I23: =UpgradedProtectorStats!D89*(1+(UpgradedProtectorStats!I89/100)) -> 30.7824 | J23: =UpgradedProtectorStats!D89*(1+(UpgradedProtectorStats!J89/100)) -> 29.04 | K23: =UpgradedProtectorStats!K89 -> 16.8 | L23: =UpgradedProtectorStats!L89 -> 16.8 | M23: =UpgradedProtectorStats!M89 -> 18.2 | N23: =UpgradedProtectorStats!N89 -> 0 | O23: =UpgradedProtectorStats!O89 -> 2.8 | P23: =UpgradedProtectorStats!P89 -> 250 | Q23: =UpgradedProtectorStats!Q89 -> 0 | S23: =C23/O23 -> 0 | T23: =D23/O23 -> 10.371429 | U23: =E23/O23 -> 10.371429 | V23: =F23/O23 -> 5.1857143 | W23: =G23/O23 -> 11.235714 | X23: =H23/O23 -> 10.371429 | Y23: =I23/O23 -> 10.993714 | Z23: =J23/O23 -> 10.371429 | AA23: =K23/O23 -> 6 | AB23: =M23/O23 -> 6.5
A24: =UpgradedProtectorStats!A93+5 -> 252010 | B24: Painting Guardian Gloves +5 | C24: =UpgradedProtectorStats!C93 -> 0 | D24: =UpgradedProtectorStats!D93 -> 9.3 | E24: =UpgradedProtectorStats!E93 -> 34.1 | F24: =UpgradedProtectorStats!F93 -> 26.35 | G24: =UpgradedProtectorStats!G93 -> 18.6 | H24: =UpgradedProtectorStats!D93*(1+(UpgradedProtectorStats!H93/100)) -> 9.3 | I24: =UpgradedProtectorStats!D93*(1+(UpgradedProtectorStats!I93/100)) -> 11.16 | J24: =UpgradedProtectorStats!D93*(1+(UpgradedProtectorStats!J93/100)) -> 9.3 | K24: =UpgradedProtectorStats!K93 -> 58.42 | L24: =UpgradedProtectorStats!L93 -> 58.42 | M24: =UpgradedProtectorStats!M93 -> 22.86 | N24: =UpgradedProtectorStats!N93 -> 12.7 | O24: =UpgradedProtectorStats!O93 -> 0.9 | P24: =UpgradedProtectorStats!P93 -> 150 | Q24: =UpgradedProtectorStats!Q93 -> 0 | S24: =C24/O24 -> 0 | T24: =D24/O24 -> 10.333333 | U24: =E24/O24 -> 37.888889 | V24: =F24/O24 -> 29.277778 | W24: =G24/O24 -> 20.666667 | X24: =H24/O24 -> 10.333333 | Y24: =I24/O24 -> 12.4 | Z24: =J24/O24 -> 10.333333 | AA24: =K24/O24 -> 64.911111 | AB24: =M24/O24 -> 25.4
A25: =UpgradedProtectorStats!A97 -> 272000 | B25: Ornstein's Gauntlets | C25: =UpgradedProtectorStats!C97 -> 6 | D25: =UpgradedProtectorStats!D97 -> 29 | E25: =UpgradedProtectorStats!E97 -> 12 | F25: =UpgradedProtectorStats!F97 -> 16 | G25: =UpgradedProtectorStats!G97 -> 14 | H25: =UpgradedProtectorStats!D97*(1+(UpgradedProtectorStats!H97/100)) -> 32.77 | I25: =UpgradedProtectorStats!D97*(1+(UpgradedProtectorStats!I97/100)) -> 27.55 | J25: =UpgradedProtectorStats!D97*(1+(UpgradedProtectorStats!J97/100)) -> 29 | K25: =UpgradedProtectorStats!K97 -> 6 | L25: =UpgradedProtectorStats!L97 -> 6 | M25: =UpgradedProtectorStats!M97 -> 12 | N25: =UpgradedProtectorStats!N97 -> 6 | O25: =UpgradedProtectorStats!O97 -> 4 | P25: =UpgradedProtectorStats!P97 -> 700 | Q25: =UpgradedProtectorStats!Q97 -> 0 | S25: =C25/O25 -> 1.5 | T25: =D25/O25 -> 7.25 | U25: =E25/O25 -> 3 | V25: =F25/O25 -> 4 | W25: =G25/O25 -> 3.5 | X25: =H25/O25 -> 8.1925 | Y25: =I25/O25 -> 6.8875 | Z25: =J25/O25 -> 7.25 | AA25: =K25/O25 -> 1.5 | AB25: =M25/O25 -> 3
A26: =UpgradedProtectorStats!A101+5 -> 282010 | B26: Eastern Gauntlets +5 | C26: =UpgradedProtectorStats!C101 -> 2 | D26: =UpgradedProtectorStats!D101 -> 9.3 | E26: =UpgradedProtectorStats!E101 -> 1.55 | F26: =UpgradedProtectorStats!F101 -> 6.2 | G26: =UpgradedProtectorStats!G101 -> 3.1 | H26: =UpgradedProtectorStats!D101*(1+(UpgradedProtectorStats!H101/100)) -> 11.532 | I26: =UpgradedProtectorStats!D101*(1+(UpgradedProtectorStats!I101/100)) -> 8.835 | J26: =UpgradedProtectorStats!D101*(1+(UpgradedProtectorStats!J101/100)) -> 9.021 | K26: =UpgradedProtectorStats!K101 -> 5.08 | L26: =UpgradedProtectorStats!L101 -> 5.08 | M26: =UpgradedProtectorStats!M101 -> 6.35 | N26: =UpgradedProtectorStats!N101 -> 0 | O26: =UpgradedProtectorStats!O101 -> 1.5 | P26: =UpgradedProtectorStats!P101 -> 450 | Q26: =UpgradedProtectorStats!Q101 -> 0 | S26: =C26/O26 -> 1.3333333 | T26: =D26/O26 -> 6.2 | U26: =E26/O26 -> 1.0333333 | V26: =F26/O26 -> 4.1333333 | W26: =G26/O26 -> 2.0666667 | X26: =H26/O26 -> 7.688 | Y26: =I26/O26 -> 5.89 | Z26: =J26/O26 -> 6.014 | AA26: =K26/O26 -> 3.3866667 | AB26: =M26/O26 -> 4.2333333
A27: =UpgradedProtectorStats!A105+5 -> 292010 | B27: Xanthous Gloves +5 | C27: =UpgradedProtectorStats!C105 -> 0 | D27: =UpgradedProtectorStats!D105 -> 27.9 | E27: =UpgradedProtectorStats!E105 -> 34.1 | F27: =UpgradedProtectorStats!F105 -> 6.2 | G27: =UpgradedProtectorStats!G105 -> 21.7 | H27: =UpgradedProtectorStats!D105*(1+(UpgradedProtectorStats!H105/100)) -> 27.9 | I27: =UpgradedProtectorStats!D105*(1+(UpgradedProtectorStats!I105/100)) -> 31.248 | J27: =UpgradedProtectorStats!D105*(1+(UpgradedProtectorStats!J105/100)) -> 25.389 | K27: =UpgradedProtectorStats!K105 -> 22.86 | L27: =UpgradedProtectorStats!L105 -> 22.86 | M27: =UpgradedProtectorStats!M105 -> 15.24 | N27: =UpgradedProtectorStats!N105 -> 0 | O27: =UpgradedProtectorStats!O105 -> 2.3 | P27: =UpgradedProtectorStats!P105 -> 400 | Q27: =UpgradedProtectorStats!Q105 -> 0 | S27: =C27/O27 -> 0 | T27: =D27/O27 -> 12.130435 | U27: =E27/O27 -> 14.826087 | V27: =F27/O27 -> 2.6956522 | W27: =G27/O27 -> 9.4347826 | X27: =H27/O27 -> 12.130435 | Y27: =I27/O27 -> 13.586087 | Z27: =J27/O27 -> 11.038696 | AA27: =K27/O27 -> 9.9391304 | AB27: =M27/O27 -> 6.626087
A28: =UpgradedProtectorStats!A109+10 -> 302020 | B28: Black Leather Gloves +10 | C28: =UpgradedProtectorStats!C109 -> 0 | D28: =UpgradedProtectorStats!D109 -> 31.46 | E28: =UpgradedProtectorStats!E109 -> 29.04 | F28: =UpgradedProtectorStats!F109 -> 19.36 | G28: =UpgradedProtectorStats!G109 -> 21.78 | H28: =UpgradedProtectorStats!D109*(1+(UpgradedProtectorStats!H109/100)) -> 31.46 | I28: =UpgradedProtectorStats!D109*(1+(UpgradedProtectorStats!I109/100)) -> 33.6622 | J28: =UpgradedProtectorStats!D109*(1+(UpgradedProtectorStats!J109/100)) -> 31.46 | K28: =UpgradedProtectorStats!K109 -> 25.2 | L28: =UpgradedProtectorStats!L109 -> 25.2 | M28: =UpgradedProtectorStats!M109 -> 19.6 | N28: =UpgradedProtectorStats!N109 -> 0 | O28: =UpgradedProtectorStats!O109 -> 1.8 | P28: =UpgradedProtectorStats!P109 -> 250 | Q28: =UpgradedProtectorStats!Q109 -> 0 | S28: =C28/O28 -> 0 | T28: =D28/O28 -> 17.477778 | U28: =E28/O28 -> 16.133333 | V28: =F28/O28 -> 10.755556 | W28: =G28/O28 -> 12.1 | X28: =H28/O28 -> 17.477778 | Y28: =I28/O28 -> 18.701222 | Z28: =J28/O28 -> 17.477778 | AA28: =K28/O28 -> 14 | AB28: =M28/O28 -> 10.888889
A29: =UpgradedProtectorStats!A113+10 -> 312020 | B29: Traveling Gloves +10 (Holy) | C29: =UpgradedProtectorStats!C113 -> 0 | D29: =UpgradedProtectorStats!D113 -> 12.1 | E29: =UpgradedProtectorStats!E113 -> 12.1 | F29: =UpgradedProtectorStats!F113 -> 7.26 | G29: =UpgradedProtectorStats!G113 -> 9.68 | H29: =UpgradedProtectorStats!D113*(1+(UpgradedProtectorStats!H113/100)) -> 12.1 | I29: =UpgradedProtectorStats!D113*(1+(UpgradedProtectorStats!I113/100)) -> 14.278 | J29: =UpgradedProtectorStats!D113*(1+(UpgradedProtectorStats!J113/100)) -> 12.1 | K29: =UpgradedProtectorStats!K113 -> 5.6 | L29: =UpgradedProtectorStats!L113 -> 5.6 | M29: =UpgradedProtectorStats!M113 -> 7 | N29: =UpgradedProtectorStats!N113 -> 0 | O29: =UpgradedProtectorStats!O113 -> 0.7 | P29: =UpgradedProtectorStats!P113 -> 350 | Q29: =UpgradedProtectorStats!Q113 -> 0 | S29: =C29/O29 -> 0 | T29: =D29/O29 -> 17.285714 | U29: =E29/O29 -> 17.285714 | V29: =F29/O29 -> 10.371429 | W29: =G29/O29 -> 13.828571 | X29: =H29/O29 -> 17.285714 | Y29: =I29/O29 -> 20.397143 | Z29: =J29/O29 -> 17.285714 | AA29: =K29/O29 -> 8 | AB29: =M29/O29 -> 10
A30: =UpgradedProtectorStats!A117+5 -> 322010 | B30: Black Knight Gauntlets +5 | C30: =UpgradedProtectorStats!C117 -> 10 | D30: =UpgradedProtectorStats!D117 -> 40.3 | E30: =UpgradedProtectorStats!E117 -> 21.7 | F30: =UpgradedProtectorStats!F117 -> 35.65 | G30: =UpgradedProtectorStats!G117 -> 12.4 | H30: =UpgradedProtectorStats!D117*(1+(UpgradedProtectorStats!H117/100)) -> 45.539 | I30: =UpgradedProtectorStats!D117*(1+(UpgradedProtectorStats!I117/100)) -> 38.285 | J30: =UpgradedProtectorStats!D117*(1+(UpgradedProtectorStats!J117/100)) -> 39.494 | K30: =UpgradedProtectorStats!K117 -> 10.16 | L30: =UpgradedProtectorStats!L117 -> 10.16 | M30: =UpgradedProtectorStats!M117 -> 19.05 | N30: =UpgradedProtectorStats!N117 -> 0 | O30: =UpgradedProtectorStats!O117 -> 6 | P30: =UpgradedProtectorStats!P117 -> 550 | Q30: =UpgradedProtectorStats!Q117 -> -1 | S30: =C30/O30 -> 1.6666667 | T30: =D30/O30 -> 6.7166667 | U30: =E30/O30 -> 3.6166667 | V30: =F30/O30 -> 5.9416667 | W30: =G30/O30 -> 2.0666667 | X30: =H30/O30 -> 7.5898333 | Y30: =I30/O30 -> 6.3808333 | Z30: =J30/O30 -> 6.5823333 | AA30: =K30/O30 -> 1.6933333 | AB30: =M30/O30 -> 3.175
A31: =UpgradedProtectorStats!A121+5 -> 332010 | B31: Antiquated Gloves +5 | C31: =UpgradedProtectorStats!C121 -> 0 | D31: =UpgradedProtectorStats!D121 -> 12.4 | E31: =UpgradedProtectorStats!E121 -> 29.45 | F31: =UpgradedProtectorStats!F121 -> 4.65 | G31: =UpgradedProtectorStats!G121 -> 17.05 | H31: =UpgradedProtectorStats!D121*(1+(UpgradedProtectorStats!H121/100)) -> 12.4 | I31: =UpgradedProtectorStats!D121*(1+(UpgradedProtectorStats!I121/100)) -> 12.4 | J31: =UpgradedProtectorStats!D121*(1+(UpgradedProtectorStats!J121/100)) -> 12.4 | K31: =UpgradedProtectorStats!K121 -> 10.16 | L31: =UpgradedProtectorStats!L121 -> 10.16 | M31: =UpgradedProtectorStats!M121 -> 10.16 | N31: =UpgradedProtectorStats!N121 -> 20.32 | O31: =UpgradedProtectorStats!O121 -> 0.6 | P31: =UpgradedProtectorStats!P121 -> 150 | Q31: =UpgradedProtectorStats!Q121 -> 0 | S31: =C31/O31 -> 0 | T31: =D31/O31 -> 20.666667 | U31: =E31/O31 -> 49.083333 | V31: =F31/O31 -> 7.75 | W31: =G31/O31 -> 28.416667 | X31: =H31/O31 -> 20.666667 | Y31: =I31/O31 -> 20.666667 | Z31: =J31/O31 -> 20.666667 | AA31: =K31/O31 -> 16.933333 | AB31: =M31/O31 -> 16.933333
A32: =UpgradedProtectorStats!A125+5 -> 342010 | B32: Witch Gloves +5 | C32: =UpgradedProtectorStats!C125 -> 0 | D32: =UpgradedProtectorStats!D125 -> 21.7 | E32: =UpgradedProtectorStats!E125 -> 27.9 | F32: =UpgradedProtectorStats!F125 -> 13.95 | G32: =UpgradedProtectorStats!G125 -> 17.05 | H32: =UpgradedProtectorStats!D125*(1+(UpgradedProtectorStats!H125/100)) -> 21.7 | I32: =UpgradedProtectorStats!D125*(1+(UpgradedProtectorStats!I125/100)) -> 24.087 | J32: =UpgradedProtectorStats!D125*(1+(UpgradedProtectorStats!J125/100)) -> 21.7 | K32: =UpgradedProtectorStats!K125 -> 20.32 | L32: =UpgradedProtectorStats!L125 -> 20.32 | M32: =UpgradedProtectorStats!M125 -> 20.32 | N32: =UpgradedProtectorStats!N125 -> 7.62 | O32: =UpgradedProtectorStats!O125 -> 1.7 | P32: =UpgradedProtectorStats!P125 -> 250 | Q32: =UpgradedProtectorStats!Q125 -> 0 | S32: =C32/O32 -> 0 | T32: =D32/O32 -> 12.764706 | U32: =E32/O32 -> 16.411765 | V32: =F32/O32 -> 8.2058824 | W32: =G32/O32 -> 10.029412 | X32: =H32/O32 -> 12.764706 | Y32: =I32/O32 -> 14.168824 | Z32: =J32/O32 -> 12.764706 | AA32: =K32/O32 -> 11.952941 | AB32: =M32/O32 -> 11.952941
A33: =UpgradedProtectorStats!A129+10 -> 352020 | B33: Elite Knight Gauntlets +10 | C33: =UpgradedProtectorStats!C129 -> 6 | D33: =UpgradedProtectorStats!D129 -> 43.56 | E33: =UpgradedProtectorStats!E129 -> 16.94 | F33: =UpgradedProtectorStats!F129 -> 19.36 | G33: =UpgradedProtectorStats!G129 -> 12.1 | H33: =UpgradedProtectorStats!D129*(1+(UpgradedProtectorStats!H129/100)) -> 50.5296 | I33: =UpgradedProtectorStats!D129*(1+(UpgradedProtectorStats!I129/100)) -> 42.2532 | J33: =UpgradedProtectorStats!D129*(1+(UpgradedProtectorStats!J129/100)) -> 43.56 | K33: =UpgradedProtectorStats!K129 -> 7 | L33: =UpgradedProtectorStats!L129 -> 7 | M33: =UpgradedProtectorStats!M129 -> 9.8 | N33: =UpgradedProtectorStats!N129 -> 0 | O33: =UpgradedProtectorStats!O129 -> 3.7 | P33: =UpgradedProtectorStats!P129 -> 450 | Q33: =UpgradedProtectorStats!Q129 -> 0 | S33: =C33/O33 -> 1.6216216 | T33: =D33/O33 -> 11.772973 | U33: =E33/O33 -> 4.5783784 | V33: =F33/O33 -> 5.2324324 | W33: =G33/O33 -> 3.2702703 | X33: =H33/O33 -> 13.656649 | Y33: =I33/O33 -> 11.419784 | Z33: =J33/O33 -> 11.772973 | AA33: =K33/O33 -> 1.8918919 | AB33: =M33/O33 -> 2.6486486
A34: =UpgradedProtectorStats!A133+10 -> 362020 | B34: Wanderer Manchette +10 | C34: =UpgradedProtectorStats!C133 -> 0 | D34: =UpgradedProtectorStats!D133 -> 21.7 | E34: =UpgradedProtectorStats!E133 -> 18.6 | F34: =UpgradedProtectorStats!F133 -> 23.25 | G34: =UpgradedProtectorStats!G133 -> 20.15 | H34: =UpgradedProtectorStats!D133*(1+(UpgradedProtectorStats!H133/100)) -> 23.219 | I34: =UpgradedProtectorStats!D133*(1+(UpgradedProtectorStats!I133/100)) -> 23.219 | J34: =UpgradedProtectorStats!D133*(1+(UpgradedProtectorStats!J133/100)) -> 21.7 | K34: =UpgradedProtectorStats!K133 -> 16.51 | L34: =UpgradedProtectorStats!L133 -> 16.51 | M34: =UpgradedProtectorStats!M133 -> 16.51 | N34: =UpgradedProtectorStats!N133 -> 0 | O34: =UpgradedProtectorStats!O133 -> 2.1 | P34: =UpgradedProtectorStats!P133 -> 400 | Q34: =UpgradedProtectorStats!Q133 -> 0 | S34: =C34/O34 -> 0 | T34: =D34/O34 -> 10.333333 | U34: =E34/O34 -> 8.8571429 | V34: =F34/O34 -> 11.071429 | W34: =G34/O34 -> 9.5952381 | X34: =H34/O34 -> 11.056667 | Y34: =I34/O34 -> 11.056667 | Z34: =J34/O34 -> 10.333333 | AA34: =K34/O34 -> 7.8619048 | AB34: =M34/O34 -> 7.8619048
A35: =UpgradedProtectorStats!A137+10 -> 372020 | B35: Mage Smith Gauntlets +10 | C35: =UpgradedProtectorStats!C137 -> 0 | D35: =UpgradedProtectorStats!D137 -> 18.6 | E35: =UpgradedProtectorStats!E137 -> 24.8 | F35: =UpgradedProtectorStats!F137 -> 12.4 | G35: =UpgradedProtectorStats!G137 -> 15.5 | H35: =UpgradedProtectorStats!D137*(1+(UpgradedProtectorStats!H137/100)) -> 19.344 | I35: =UpgradedProtectorStats!D137*(1+(UpgradedProtectorStats!I137/100)) -> 20.088 | J35: =UpgradedProtectorStats!D137*(1+(UpgradedProtectorStats!J137/100)) -> 18.6 | K35: =UpgradedProtectorStats!K137 -> 8.89 | L35: =UpgradedProtectorStats!L137 -> 8.89 | M35: =UpgradedProtectorStats!M137 -> 11.43 | N35: =UpgradedProtectorStats!N137 -> 0 | O35: =UpgradedProtectorStats!O137 -> 1.4 | P35: =UpgradedProtectorStats!P137 -> 200 | Q35: =UpgradedProtectorStats!Q137 -> 0 | S35: =C35/O35 -> 0 | T35: =D35/O35 -> 13.285714 | U35: =E35/O35 -> 17.714286 | V35: =F35/O35 -> 8.8571429 | W35: =G35/O35 -> 11.071429 | X35: =H35/O35 -> 13.817143 | Y35: =I35/O35 -> 14.348571 | Z35: =J35/O35 -> 13.285714 | AA35: =K35/O35 -> 6.35 | AB35: =M35/O35 -> 8.1642857
A36: =UpgradedProtectorStats!A141+10 -> 382020 | B36: Traveling Gloves +10 (Sage) | C36: =UpgradedProtectorStats!C141 -> 0 | D36: =UpgradedProtectorStats!D141 -> 29.04 | E36: =UpgradedProtectorStats!E141 -> 38.72 | F36: =UpgradedProtectorStats!F141 -> 19.36 | G36: =UpgradedProtectorStats!G141 -> 24.2 | H36: =UpgradedProtectorStats!D141*(1+(UpgradedProtectorStats!H141/100)) -> 30.2016 | I36: =UpgradedProtectorStats!D141*(1+(UpgradedProtectorStats!I141/100)) -> 31.3632 | J36: =UpgradedProtectorStats!D141*(1+(UpgradedProtectorStats!J141/100)) -> 29.04 | K36: =UpgradedProtectorStats!K141 -> 19.6 | L36: =UpgradedProtectorStats!L141 -> 19.6 | M36: =UpgradedProtectorStats!M141 -> 19.6 | N36: =UpgradedProtectorStats!N141 -> 0 | O36: =UpgradedProtectorStats!O141 -> 1.6 | P36: =UpgradedProtectorStats!P141 -> 250 | Q36: =UpgradedProtectorStats!Q141 -> 0 | S36: =C36/O36 -> 0 | T36: =D36/O36 -> 18.15 | U36: =E36/O36 -> 24.2 | V36: =F36/O36 -> 12.1 | W36: =G36/O36 -> 15.125 | X36: =H36/O36 -> 18.876 | Y36: =I36/O36 -> 19.602 | Z36: =J36/O36 -> 18.15 | AA36: =K36/O36 -> 12.25 | AB36: =M36/O36 -> 12.25
A37: =UpgradedProtectorStats!A145+10 -> 392020 | B37: Knight Gauntlets +10 | C37: =UpgradedProtectorStats!C145 -> 6 | D37: =UpgradedProtectorStats!D145 -> 41.14 | E37: =UpgradedProtectorStats!E145 -> 16.94 | F37: =UpgradedProtectorStats!F145 -> 19.36 | G37: =UpgradedProtectorStats!G145 -> 9.68 | H37: =UpgradedProtectorStats!D145*(1+(UpgradedProtectorStats!H145/100)) -> 47.7224 | I37: =UpgradedProtectorStats!D145*(1+(UpgradedProtectorStats!I145/100)) -> 39.083 | J37: =UpgradedProtectorStats!D145*(1+(UpgradedProtectorStats!J145/100)) -> 40.3172 | K37: =UpgradedProtectorStats!K145 -> 7 | L37: =UpgradedProtectorStats!L145 -> 7 | M37: =UpgradedProtectorStats!M145 -> 11.2 | N37: =UpgradedProtectorStats!N145 -> 0 | O37: =UpgradedProtectorStats!O145 -> 3.5 | P37: =UpgradedProtectorStats!P145 -> 400 | Q37: =UpgradedProtectorStats!Q145 -> 0 | S37: =C37/O37 -> 1.7142857 | T37: =D37/O37 -> 11.754286 | U37: =E37/O37 -> 4.84 | V37: =F37/O37 -> 5.5314286 | W37: =G37/O37 -> 2.7657143 | X37: =H37/O37 -> 13.634971 | Y37: =I37/O37 -> 11.166571 | Z37: =J37/O37 -> 11.5192 | AA37: =K37/O37 -> 2 | AB37: =M37/O37 -> 3.2
